{
  "view": "daily",
  "date": "2025-11-15",
  "count": 26,
  "items": [
    {
      "title": "🪴 water plants",
      "dueISO": "2025-11-14T07:30:00",
      "time": "07:30",
      "list": "🌊FlowOs",
      "flagged": false,
      "priority": 0,
      "id": "274E6DCC-A4B1-4595-8B37-318448E24306"
    },
    {
      "title": "🐶🧹vacuum dog room",
      "dueISO": "2025-11-14T08:00:00",
      "time": "08:00",
      "list": "🌊FlowOs",
      "flagged": false,
      "priority": 0,
      "id": "021A8EA3-E6A7-4793-BCB8-5EADE9284277"
    },
    {
      "title": "🧠💬🤖📝 brainstorm with chatgpt",
      "dueISO": "2025-11-14T08:30:00",
      "time": "08:30",
      "list": "🌊FlowOs",
      "flagged": false,
      "priority": 0,
      "id": "B206B44B-6B87-40D6-ABC8-FBBF5256594B"
    },
    {
      "title": "📝move each note to its relevant folder",
      "dueISO": "2025-11-14T09:00:00",
      "time": "09:00",
      "list": "🌊FlowOs",
      "flagged": false,
      "priority": 0,
      "id": "0629BDA2-B8AF-42EF-BD24-355212865F55"
    },
    {
      "title": "🥤make smoothies",
      "dueISO": "2025-11-14T09:30:00",
      "time": "09:30",
      "list": "🌊FlowOs",
      "flagged": false,
      "priority": 0,
      "id": "0B819211-6B87-4E58-B962-F1C02F1B82B4"
    },
    {
      "title": "🥣mom breakfast",
      "dueISO": "2025-11-14T10:00:00",
      "time": "10:00",
      "list": "Mom",
      "flagged": false,
      "priority": 0,
      "id": "6CEACA0F-8B27-4AA1-B4E8-79F4415A1148"
    },
    {
      "title": "🩺mom rehab",
      "dueISO": "2025-11-14T10:30:00",
      "time": "10:30",
      "list": "Mom",
      "flagged": false,
      "priority": 0,
      "id": "DAACE7E1-302C-4C22-816C-B9B604EC6995"
    },
    {
      "title": "🥤mom smoothie",
      "dueISO": "2025-11-14T11:00:00",
      "time": "11:00",
      "list": "Mom",
      "flagged": false,
      "priority": 0,
      "id": "0D2EAFD9-1867-4336-A725-A8BFAFD60E30"
    },
    {
      "title": "🐶🍗 feed dogs",
      "dueISO": "2025-11-14T11:15:00",
      "time": "11:15",
      "list": "🌊FlowOs",
      "flagged": false,
      "priority": 0,
      "id": "F12572FD-9C05-4277-8CF6-3213F4483B39"
    },
    {
      "title": "lunch",
      "dueISO": "2025-11-14T15:00:00",
      "time": "15:00",
      "list": "🌊FlowOs",
      "flagged": false,
      "priority": 0,
      "id": "925EB422-567B-4214-941C-0C81C4D37991"
    },
    {
      "title": "🍽️ mom lunch",
      "dueISO": "2025-11-14T15:30:00",
      "time": "15:30",
      "list": "Mom",
      "flagged": false,
      "priority": 0,
      "id": "4E3693C0-D41F-4004-BC8B-83EEE18C1698"
    },
    {
      "title": "🚿",
      "dueISO": "2025-11-14T15:30:00",
      "time": "15:30",
      "list": "🌊FlowOs",
      "flagged": false,
      "priority": 0,
      "id": "92AE76FF-AC71-4B33-B7D3-C0FE2BF08033"
    },
    {
      "title": "🎶🧹🎸 jam out session",
      "dueISO": "2025-11-14T16:00:00",
      "time": "16:00",
      "list": "🌊FlowOs",
      "flagged": false,
      "priority": 0,
      "id": "5FA5B5FA-B222-4556-B1F5-5315380B1905"
    },
    {
      "title": "🚴‍♀️mom bike",
      "dueISO": "2025-11-14T18:30:00",
      "time": "18:30",
      "list": "Mom",
      "flagged": false,
      "priority": 0,
      "id": "D98C62D2-D06E-4F0D-B362-9DED43A39817"
    },
    {
      "title": "🍽️ mom dinner",
      "dueISO": "2025-11-14T20:30:00",
      "time": "20:30",
      "list": "Mom",
      "flagged": false,
      "priority": 0,
      "id": "9C23AA40-3E4B-4D0D-A12B-BF0E6A01D882"
    },
    {
      "title": "💤 sleep",
      "dueISO": "2025-11-15T00:30:00",
      "time": "00:30",
      "list": "🌊FlowOs",
      "flagged": false,
      "priority": 0,
      "id": "4A2D76CC-734F-4435-AF44-73B7CC8826AF"
    },
    {
      "title": "🙆🏽‍♂️ precor stretch circuit",
      "dueISO": "2025-11-15T09:30:00",
      "time": "09:30",
      "list": "🌊FlowOs",
      "flagged": false,
      "priority": 0,
      "id": "0C363AD5-2A24-4C21-8435-0FD79050FEA1"
    },
    {
      "title": "🐶 take out dogs",
      "dueISO": "2025-11-15T09:45:00",
      "time": "09:45",
      "list": "🌊FlowOs",
      "flagged": false,
      "priority": 0,
      "id": "9D54E143-021D-47BF-8F24-9527EACD6CD1"
    },
    {
      "title": "flag overdue reminders",
      "dueISO": "2025-11-15T12:00:00",
      "time": "12:00",
      "list": "🌊FlowOs",
      "flagged": false,
      "priority": 0,
      "id": "B338276D-A80C-43B6-B912-D1D70C736899"
    },
    {
      "title": "📂 review chat gpt temp folder",
      "dueISO": "2025-11-15T13:00:00",
      "time": "13:00",
      "list": "🌊FlowOs",
      "flagged": false,
      "priority": 0,
      "id": "F7D4A51A-E431-410F-9403-D9C8928B52F7"
    },
    {
      "title": "🥁 mpc session",
      "dueISO": "2025-11-15T14:45:00",
      "time": "14:45",
      "list": "🥁Hobbies",
      "flagged": false,
      "priority": 0,
      "id": "884B4A64-6990-4037-B68E-AB8D66FF72F1"
    },
    {
      "title": "📝review note organizer weekly summary",
      "dueISO": "2025-11-15T17:00:00",
      "time": "17:00",
      "list": "🌊FlowOs",
      "flagged": false,
      "priority": 0,
      "id": "FD066BF7-D17D-439F-A030-5CF6073B9069"
    },
    {
      "title": "🃏play cards",
      "dueISO": "2025-11-15T17:30:00",
      "time": "17:30",
      "list": "Mom",
      "flagged": false,
      "priority": 0,
      "id": "787A9593-D6D0-4D96-B22D-3B07462460B0"
    },
    {
      "title": "🔋update energy focus plan",
      "dueISO": "2025-11-15T18:00:00",
      "time": "18:00",
      "list": "🌊FlowOs",
      "flagged": false,
      "priority": 0,
      "id": "59703335-E686-45B7-BC39-17CF2738D4AB"
    },
    {
      "title": "dinner",
      "dueISO": "2025-11-15T19:00:00",
      "time": "19:00",
      "list": "🌊FlowOs",
      "flagged": false,
      "priority": 0,
      "id": "2EE75B35-25D7-4ACE-AB82-7CDA4080A646"
    },
    {
      "title": "massage chair",
      "dueISO": "2025-11-15T23:00:00",
      "time": "23:00",
      "list": "🌊FlowOs",
      "flagged": false,
      "priority": 0,
      "id": "2B161E64-1EAC-4660-B038-CF35D83953CD"
    }
  ],
  "stats": {
    "total_processed": 168,
    "valid_dates": 140,
    "error_dates": 28
  },
  "generated_at": "2025-11-15T08:45:16.535837"
}