{
  "view": "backlog",
  "date": "2025-11-15",
  "categories": {
    "overdue": {
      "count": 55,
      "items": [
        {
          "title": "sign up mom for Lolli",
          "list": "Mom",
          "flagged": false,
          "priority": 0,
          "id": "E71CDF06-3DE7-4C3B-9636-75306E6297CE",
          "dueISO": "2025-07-23T05:00:00",
          "due_date": "2025-07-23",
          "category": "overdue",
          "days_overdue": 115
        },
        {
          "title": "Gather mortgage hardship",
          "list": "🤖Nova",
          "flagged": false,
          "priority": 0,
          "id": "5DAA7734-45F5-4934-96B4-D29498D81272",
          "dueISO": "2025-08-25T13:00:00",
          "due_date": "2025-08-25",
          "category": "overdue",
          "days_overdue": 82
        },
        {
          "title": "cut side grass",
          "list": "🌊FlowOs",
          "flagged": false,
          "priority": 0,
          "id": "4587AF8D-087E-4CED-83C9-1EBF4C303E0E",
          "dueISO": "2025-09-02T17:00:00",
          "due_date": "2025-09-02",
          "category": "overdue",
          "days_overdue": 74
        },
        {
          "title": "📄 Start compiling hardship docs (✅bank statements, ☑️income proof, ☑️expenses)",
          "list": "🌊FlowOs",
          "flagged": false,
          "priority": 0,
          "id": "7190D6E6-65F6-4A7C-92D6-D26728492160",
          "dueISO": "2025-09-02T22:00:00",
          "due_date": "2025-09-02",
          "category": "overdue",
          "days_overdue": 74
        },
        {
          "title": "📤Email Mr Cooper",
          "list": "🌊FlowOs",
          "flagged": false,
          "priority": 0,
          "id": "2F431104-66F2-467F-8EF3-DA6119D33ED8",
          "dueISO": "2025-09-04T14:00:00",
          "due_date": "2025-09-04",
          "category": "overdue",
          "days_overdue": 72
        },
        {
          "title": "📤 Draft + fill out mortgage assistance application",
          "list": "🌊FlowOs",
          "flagged": false,
          "priority": 0,
          "id": "ECF7C740-9621-4209-9A00-3A494EF3323D",
          "dueISO": "2025-09-16T13:00:00",
          "due_date": "2025-09-16",
          "category": "overdue",
          "days_overdue": 60
        },
        {
          "title": "30 pushups/60 squats/1 min wall sits",
          "list": "🌊FlowOs",
          "flagged": false,
          "priority": 0,
          "id": "26481C5E-F12E-40F6-BDED-415E71FC3FC0",
          "dueISO": "2025-09-18T14:00:00",
          "due_date": "2025-09-18",
          "category": "overdue",
          "days_overdue": 58
        },
        {
          "title": "💪🏽tonal/pushups",
          "list": "🌊FlowOs",
          "flagged": false,
          "priority": 0,
          "id": "571038A5-07EE-4AA8-A734-4064DCB3DA3D",
          "dueISO": "2025-09-21T13:45:00",
          "due_date": "2025-09-21",
          "category": "overdue",
          "days_overdue": 55
        },
        {
          "title": "40 Pushups/80 Squats/Gyro Ball",
          "list": "🌊FlowOs",
          "flagged": false,
          "priority": 0,
          "id": "B78E7FE5-6F36-4FE2-8F2D-CB777CF9A232",
          "dueISO": "2025-10-13T21:30:00",
          "due_date": "2025-10-13",
          "category": "overdue",
          "days_overdue": 33
        },
        {
          "title": "💰lolli daily stack",
          "list": "🌊FlowOs",
          "flagged": false,
          "priority": 0,
          "id": "F09137EA-51F0-49FC-9CE6-E2E8891283F1",
          "dueISO": "2025-10-15T10:00:00",
          "due_date": "2025-10-15",
          "category": "overdue",
          "days_overdue": 31
        },
        {
          "title": "https://www.aipapathways.com",
          "list": "🌊FlowOs",
          "flagged": false,
          "priority": 0,
          "id": "24BB8FBA-94A1-426A-B26F-65F94D2B6806",
          "dueISO": "2025-10-16T21:00:00",
          "due_date": "2025-10-16",
          "category": "overdue",
          "days_overdue": 30
        },
        {
          "title": "clean toilet",
          "list": "🌊FlowOs",
          "flagged": false,
          "priority": 0,
          "id": "AC708E15-C3D2-45CE-8036-A63E5840CA8C",
          "dueISO": "2025-10-16T17:30:00",
          "due_date": "2025-10-16",
          "category": "overdue",
          "days_overdue": 30
        },
        {
          "title": "Order Amazon items",
          "list": "🌊FlowOs",
          "flagged": false,
          "priority": 0,
          "id": "0D257B9F-CAD0-422E-879D-84773E4C822A",
          "dueISO": "2025-10-17T09:30:00",
          "due_date": "2025-10-17",
          "category": "overdue",
          "days_overdue": 29
        },
        {
          "title": "clean shower",
          "list": "🌊FlowOs",
          "flagged": false,
          "priority": 0,
          "id": "1A9EFAD2-E1F1-42E9-A5C7-AA2296170E1C",
          "dueISO": "2025-10-18T16:30:00",
          "due_date": "2025-10-18",
          "category": "overdue",
          "days_overdue": 28
        },
        {
          "title": "🟢coding (🧬jenquin-backend)",
          "list": "🟢Projects",
          "flagged": false,
          "priority": 0,
          "id": "9003F482-6BFD-4B97-A510-F64E9F60696B",
          "dueISO": "2025-10-19T18:00:00",
          "due_date": "2025-10-19",
          "category": "overdue",
          "days_overdue": 27
        },
        {
          "title": "weekly coding review",
          "list": "🟢Projects",
          "flagged": false,
          "priority": 0,
          "id": "80596DD2-F8FB-4322-A27D-74000FDE2C94",
          "dueISO": "2025-10-23T12:00:00",
          "due_date": "2025-10-23",
          "category": "overdue",
          "days_overdue": 23
        },
        {
          "title": "🧖🏽‍♂️spa shower",
          "list": "🌊FlowOs",
          "flagged": false,
          "priority": 0,
          "id": "42341055-E94F-4667-8748-7BEB87153FC4",
          "dueISO": "2025-10-26T09:00:00",
          "due_date": "2025-10-26",
          "category": "overdue",
          "days_overdue": 20
        },
        {
          "title": "move photos to relevant album",
          "list": "🌊FlowOs",
          "flagged": false,
          "priority": 0,
          "id": "FF33EA2C-E7F4-4D52-9477-EC877859DF76",
          "dueISO": "2025-10-28T14:15:00",
          "due_date": "2025-10-28",
          "category": "overdue",
          "days_overdue": 18
        },
        {
          "title": "🥁 mpc session (yoga flow/sample cuz ig raps)",
          "list": "🥁Hobbies",
          "flagged": false,
          "priority": 0,
          "id": "B69DBF8E-5AAF-45C6-8D49-0F3E855B1F99",
          "dueISO": "2025-10-28T20:15:00",
          "due_date": "2025-10-28",
          "category": "overdue",
          "days_overdue": 18
        },
        {
          "title": "💈cut hair/shower",
          "list": "🌊FlowOs",
          "flagged": false,
          "priority": 0,
          "id": "FCA9EF26-13A5-4EA9-BD64-2C151DEA6F22",
          "dueISO": "2025-10-30T10:30:00",
          "due_date": "2025-10-30",
          "category": "overdue",
          "days_overdue": 16
        },
        {
          "title": "coding (📈 trading agent)",
          "list": "🟢Projects",
          "flagged": false,
          "priority": 0,
          "id": "DB83ABC7-ACF6-4D5A-BC07-5482623F995B",
          "dueISO": "2025-11-05T06:00:00",
          "due_date": "2025-11-05",
          "category": "overdue",
          "days_overdue": 10
        },
        {
          "title": "📬 review mail",
          "list": "🌊FlowOs",
          "flagged": false,
          "priority": 0,
          "id": "BB88B125-5D4B-4AB0-B589-1B91274BC228",
          "dueISO": "2025-11-05T14:30:00",
          "due_date": "2025-11-05",
          "category": "overdue",
          "days_overdue": 10
        },
        {
          "title": "📝 review note organizer 3-day summary",
          "list": "🌊FlowOs",
          "flagged": false,
          "priority": 0,
          "id": "298D123C-E4F5-4C16-88A7-B75D3B161EFB",
          "dueISO": "2025-11-05T18:00:00",
          "due_date": "2025-11-05",
          "category": "overdue",
          "days_overdue": 10
        },
        {
          "title": "🥁🎤📸mpc creative session",
          "list": "🥁Hobbies",
          "flagged": false,
          "priority": 0,
          "id": "BB680A0F-6B2A-477B-86A7-DAB423DC3B2F",
          "dueISO": "2025-11-06T08:30:00",
          "due_date": "2025-11-06",
          "category": "overdue",
          "days_overdue": 9
        },
        {
          "title": "clean bathroom counter",
          "list": "🌊FlowOs",
          "flagged": false,
          "priority": 0,
          "id": "7D99D582-9FC7-4A3C-AE6C-4E3C88DEC768",
          "dueISO": "2025-11-08T22:15:00",
          "due_date": "2025-11-08",
          "category": "overdue",
          "days_overdue": 7
        },
        {
          "title": "massage chair energize",
          "list": "🌊FlowOs",
          "flagged": false,
          "priority": 0,
          "id": "A95CDDF4-DE0D-4214-8856-CFDA1133180D",
          "dueISO": "2025-11-09T08:00:00",
          "due_date": "2025-11-09",
          "category": "overdue",
          "days_overdue": 6
        },
        {
          "title": "🥁mpc session (make new beat)",
          "list": "🥁Hobbies",
          "flagged": false,
          "priority": 0,
          "id": "12418A28-6ECE-4136-8F0B-989048A18B1B",
          "dueISO": "2025-11-09T19:00:00",
          "due_date": "2025-11-09",
          "category": "overdue",
          "days_overdue": 6
        },
        {
          "title": "🧺 fold clothes",
          "list": "🌊FlowOs",
          "flagged": false,
          "priority": 0,
          "id": "44F3AC12-9DC6-4F1A-B26F-42C41D2F7F7D",
          "dueISO": "2025-11-09T14:30:00",
          "due_date": "2025-11-09",
          "category": "overdue",
          "days_overdue": 6
        },
        {
          "title": "clean room",
          "list": "🌊FlowOs",
          "flagged": false,
          "priority": 0,
          "id": "4A91CB38-1E00-45AD-8EE2-2B8637B192A2",
          "dueISO": "2025-11-09T14:40:00",
          "due_date": "2025-11-09",
          "category": "overdue",
          "days_overdue": 6
        },
        {
          "title": "respond to facebook/ig/text messages",
          "list": "🌊FlowOs",
          "flagged": false,
          "priority": 0,
          "id": "3E8248D8-B813-42C4-8CA7-9F414A3875C6",
          "dueISO": "2025-11-10T07:30:00",
          "due_date": "2025-11-10",
          "category": "overdue",
          "days_overdue": 5
        },
        {
          "title": "🙆🏽‍♂️ precor stretch circuit",
          "list": "🌊FlowOs",
          "flagged": false,
          "priority": 0,
          "id": "E66C470E-E86E-4680-BF5F-7BF9AAB7CA3E",
          "dueISO": "2025-11-10T09:30:00",
          "due_date": "2025-11-10",
          "category": "overdue",
          "days_overdue": 5
        },
        {
          "title": "🥁 mpc session (midi record livekit3 to mpcx)",
          "list": "🥁Hobbies",
          "flagged": false,
          "priority": 0,
          "id": "38B65DF2-DE64-488D-B62D-6FE3D8A798B1",
          "dueISO": "2025-11-10T19:30:00",
          "due_date": "2025-11-10",
          "category": "overdue",
          "days_overdue": 5
        },
        {
          "title": "☑️project review",
          "list": "🌊FlowOs",
          "flagged": false,
          "priority": 0,
          "id": "B2E4B828-C533-4DAF-A7A8-DA595C9F91BD",
          "dueISO": "2025-11-10T06:30:00",
          "due_date": "2025-11-10",
          "category": "overdue",
          "days_overdue": 5
        },
        {
          "title": "Chill/Social",
          "list": "🌊FlowOs",
          "flagged": false,
          "priority": 0,
          "id": "3DBAF78B-B8A5-4CBF-B3D8-0CFE53B9B951",
          "dueISO": "2025-11-11T04:15:00",
          "due_date": "2025-11-11",
          "category": "overdue",
          "days_overdue": 4
        },
        {
          "title": "🪴weekly plant day",
          "list": "🌊FlowOs",
          "flagged": false,
          "priority": 0,
          "id": "E788BCC3-EBD1-4E7B-B364-2503F8628D19",
          "dueISO": "2025-11-11T06:00:00",
          "due_date": "2025-11-11",
          "category": "overdue",
          "days_overdue": 4
        },
        {
          "title": "clean bathroom",
          "list": "🌊FlowOs",
          "flagged": false,
          "priority": 0,
          "id": "F777B328-F0BD-422A-9605-9A39A8680FCF",
          "dueISO": "2025-11-11T18:00:00",
          "due_date": "2025-11-11",
          "category": "overdue",
          "days_overdue": 4
        },
        {
          "title": "🚿 shower",
          "list": "🌊FlowOs",
          "flagged": false,
          "priority": 0,
          "id": "5F4110C9-D11A-4623-98F6-000C533E9DDA",
          "dueISO": "2025-11-11T19:00:00",
          "due_date": "2025-11-11",
          "category": "overdue",
          "days_overdue": 4
        },
        {
          "title": "Guitar Center, swap mpc",
          "list": "🤖Nova",
          "flagged": false,
          "priority": 0,
          "id": "00AD259C-2CEC-4FF9-9990-C8623C057932",
          "dueISO": "2025-11-11T11:00:00",
          "due_date": "2025-11-11",
          "category": "overdue",
          "days_overdue": 4
        },
        {
          "title": "update facebook marketplace",
          "list": "🌊FlowOs",
          "flagged": false,
          "priority": 0,
          "id": "60D1E01A-B4E6-4AB6-91DE-B9E33885382B",
          "dueISO": "2025-11-13T11:30:00",
          "due_date": "2025-11-13",
          "category": "overdue",
          "days_overdue": 2
        },
        {
          "title": "clean inside fridge/compost",
          "list": "🌊FlowOs",
          "flagged": false,
          "priority": 0,
          "id": "732F1935-885D-4277-A9A3-AC7C7E9E1F72",
          "dueISO": "2025-11-13T17:00:00",
          "due_date": "2025-11-13",
          "category": "overdue",
          "days_overdue": 2
        },
        {
          "title": "🍽️ mom lunch",
          "list": "Mom",
          "flagged": false,
          "priority": 0,
          "id": "4E3693C0-D41F-4004-BC8B-83EEE18C1698",
          "dueISO": "2025-11-14T15:30:00",
          "due_date": "2025-11-14",
          "category": "overdue",
          "days_overdue": 1
        },
        {
          "title": "🥣mom breakfast",
          "list": "Mom",
          "flagged": false,
          "priority": 0,
          "id": "6CEACA0F-8B27-4AA1-B4E8-79F4415A1148",
          "dueISO": "2025-11-14T10:00:00",
          "due_date": "2025-11-14",
          "category": "overdue",
          "days_overdue": 1
        },
        {
          "title": "🪴 water plants",
          "list": "🌊FlowOs",
          "flagged": false,
          "priority": 0,
          "id": "274E6DCC-A4B1-4595-8B37-318448E24306",
          "dueISO": "2025-11-14T07:30:00",
          "due_date": "2025-11-14",
          "category": "overdue",
          "days_overdue": 1
        },
        {
          "title": "🐶🍗 feed dogs",
          "list": "🌊FlowOs",
          "flagged": false,
          "priority": 0,
          "id": "F12572FD-9C05-4277-8CF6-3213F4483B39",
          "dueISO": "2025-11-14T11:15:00",
          "due_date": "2025-11-14",
          "category": "overdue",
          "days_overdue": 1
        },
        {
          "title": "🩺mom rehab",
          "list": "Mom",
          "flagged": false,
          "priority": 0,
          "id": "DAACE7E1-302C-4C22-816C-B9B604EC6995",
          "dueISO": "2025-11-14T10:30:00",
          "due_date": "2025-11-14",
          "category": "overdue",
          "days_overdue": 1
        },
        {
          "title": "lunch",
          "list": "🌊FlowOs",
          "flagged": false,
          "priority": 0,
          "id": "925EB422-567B-4214-941C-0C81C4D37991",
          "dueISO": "2025-11-14T15:00:00",
          "due_date": "2025-11-14",
          "category": "overdue",
          "days_overdue": 1
        },
        {
          "title": "🥤mom smoothie",
          "list": "Mom",
          "flagged": false,
          "priority": 0,
          "id": "0D2EAFD9-1867-4336-A725-A8BFAFD60E30",
          "dueISO": "2025-11-14T11:00:00",
          "due_date": "2025-11-14",
          "category": "overdue",
          "days_overdue": 1
        },
        {
          "title": "🐶🧹vacuum dog room",
          "list": "🌊FlowOs",
          "flagged": false,
          "priority": 0,
          "id": "021A8EA3-E6A7-4793-BCB8-5EADE9284277",
          "dueISO": "2025-11-14T08:00:00",
          "due_date": "2025-11-14",
          "category": "overdue",
          "days_overdue": 1
        },
        {
          "title": "🧠💬🤖📝 brainstorm with chatgpt",
          "list": "🌊FlowOs",
          "flagged": false,
          "priority": 0,
          "id": "B206B44B-6B87-40D6-ABC8-FBBF5256594B",
          "dueISO": "2025-11-14T08:30:00",
          "due_date": "2025-11-14",
          "category": "overdue",
          "days_overdue": 1
        },
        {
          "title": "📝move each note to its relevant folder",
          "list": "🌊FlowOs",
          "flagged": false,
          "priority": 0,
          "id": "0629BDA2-B8AF-42EF-BD24-355212865F55",
          "dueISO": "2025-11-14T09:00:00",
          "due_date": "2025-11-14",
          "category": "overdue",
          "days_overdue": 1
        },
        {
          "title": "🚴‍♀️mom bike",
          "list": "Mom",
          "flagged": false,
          "priority": 0,
          "id": "D98C62D2-D06E-4F0D-B362-9DED43A39817",
          "dueISO": "2025-11-14T18:30:00",
          "due_date": "2025-11-14",
          "category": "overdue",
          "days_overdue": 1
        },
        {
          "title": "🥤make smoothies",
          "list": "🌊FlowOs",
          "flagged": false,
          "priority": 0,
          "id": "0B819211-6B87-4E58-B962-F1C02F1B82B4",
          "dueISO": "2025-11-14T09:30:00",
          "due_date": "2025-11-14",
          "category": "overdue",
          "days_overdue": 1
        },
        {
          "title": "🚿",
          "list": "🌊FlowOs",
          "flagged": false,
          "priority": 0,
          "id": "92AE76FF-AC71-4B33-B7D3-C0FE2BF08033",
          "dueISO": "2025-11-14T15:30:00",
          "due_date": "2025-11-14",
          "category": "overdue",
          "days_overdue": 1
        },
        {
          "title": "🎶🧹🎸 jam out session",
          "list": "🌊FlowOs",
          "flagged": false,
          "priority": 0,
          "id": "5FA5B5FA-B222-4556-B1F5-5315380B1905",
          "dueISO": "2025-11-14T16:00:00",
          "due_date": "2025-11-14",
          "category": "overdue",
          "days_overdue": 1
        },
        {
          "title": "🍽️ mom dinner",
          "list": "Mom",
          "flagged": false,
          "priority": 0,
          "id": "9C23AA40-3E4B-4D0D-A12B-BF0E6A01D882",
          "dueISO": "2025-11-14T20:30:00",
          "due_date": "2025-11-14",
          "category": "overdue",
          "days_overdue": 1
        }
      ]
    },
    "undated": {
      "count": 28,
      "items": [
        {
          "title": "Finish bank statement ledger",
          "list": "🌊FlowOs",
          "flagged": false,
          "priority": 0,
          "id": "DD38CC79-FD77-49F3-BB98-A56F9779649B",
          "category": "undated"
        },
        {
          "title": "Gather Food Stamp Docs Needed",
          "list": "🤖Nova",
          "flagged": false,
          "priority": 0,
          "id": "B35CB434-9650-416B-8B90-2FBCDB8BFDC0",
          "category": "undated"
        },
        {
          "title": "Irs Tax Deferment",
          "list": "🌊FlowOs",
          "flagged": false,
          "priority": 0,
          "id": "62892B50-2FDB-4D54-9714-D6EC34EA6430",
          "category": "undated"
        },
        {
          "title": "Last Day To Clear Mortgage (Mr Cooper) Default $2649.72",
          "list": "🌊FlowOs",
          "flagged": false,
          "priority": 0,
          "id": "3C9708BC-FF00-4AC0-A909-CDCA6D1F5A22",
          "category": "undated"
        },
        {
          "title": "Migrate other half of kwenta",
          "list": "🌊FlowOs",
          "flagged": false,
          "priority": 0,
          "id": "355DF1DE-DC9A-4ECF-8968-7FC21C862565",
          "category": "undated"
        },
        {
          "title": "Mom Ambetter Due",
          "list": "🌊FlowOs",
          "flagged": false,
          "priority": 0,
          "id": "0481F54E-6550-47DA-A4EA-72CEC5B03A65",
          "category": "undated"
        },
        {
          "title": "Mortgage assistance application due",
          "list": "🤖Nova",
          "flagged": false,
          "priority": 0,
          "id": "1012F574-6D68-4A35-840A-7AF334F3B026",
          "category": "undated"
        },
        {
          "title": "Pay Cell Phone",
          "list": "🌊FlowOs",
          "flagged": false,
          "priority": 0,
          "id": "2332C98F-C777-432A-8ED5-62404401A69D",
          "category": "undated"
        },
        {
          "title": "Pay Electric",
          "list": "🌊FlowOs",
          "flagged": false,
          "priority": 0,
          "id": "458A6FFF-18B7-4282-A275-EEB599B738DB",
          "category": "undated"
        },
        {
          "title": "Pay Flood Insurance",
          "list": "🌊FlowOs",
          "flagged": false,
          "priority": 0,
          "id": "FF1EEFE6-232C-401F-A648-29F32721FC6C",
          "category": "undated"
        },
        {
          "title": "Pay Heloc",
          "list": "🌊FlowOs",
          "flagged": false,
          "priority": 0,
          "id": "5CA7919A-8AF3-48C1-99D9-3600A188D07D",
          "category": "undated"
        },
        {
          "title": "Pay Hoa",
          "list": "🌊FlowOs",
          "flagged": false,
          "priority": 0,
          "id": "E4C85B05-6269-4C33-84BA-381B21A0A828",
          "category": "undated"
        },
        {
          "title": "Pay Internet",
          "list": "🌊FlowOs",
          "flagged": false,
          "priority": 0,
          "id": "51026E95-C7BC-4B39-9BD2-345F218E0F04",
          "category": "undated"
        },
        {
          "title": "Pay Irs",
          "list": "🌊FlowOs",
          "flagged": false,
          "priority": 0,
          "id": "74F381A0-C075-49B9-87F4-20572643FAA6",
          "category": "undated"
        },
        {
          "title": "Pay Mortgage",
          "list": "🌊FlowOs",
          "flagged": false,
          "priority": 0,
          "id": "9D46AE8D-A917-4815-841D-10C1B6E95A47",
          "category": "undated"
        },
        {
          "title": "Pay Property Insuance",
          "list": "🌊FlowOs",
          "flagged": false,
          "priority": 0,
          "id": "186A1553-A543-4E80-8308-785DECB79FC1",
          "category": "undated"
        },
        {
          "title": "Pay Property Tax",
          "list": "🌊FlowOs",
          "flagged": false,
          "priority": 0,
          "id": "275CB0CB-D475-4D4F-B737-B69DFF91E00B",
          "category": "undated"
        },
        {
          "title": "Pay School Loan",
          "list": "🌊FlowOs",
          "flagged": false,
          "priority": 0,
          "id": "002657B3-C927-46AF-A118-3430E55D1AB1",
          "category": "undated"
        },
        {
          "title": "Pay Sunbiz Renewal",
          "list": "🌊FlowOs",
          "flagged": false,
          "priority": 0,
          "id": "13B7A57E-9EF8-41A7-AECE-836E353A0A0B",
          "category": "undated"
        },
        {
          "title": "Pay Trailer registration",
          "list": "🌊FlowOs",
          "flagged": false,
          "priority": 0,
          "id": "E3CC59EA-4187-442D-9F18-943451A5EBF9",
          "category": "undated"
        },
        {
          "title": "Pay Trailer registration",
          "list": "🌊FlowOs",
          "flagged": false,
          "priority": 0,
          "id": "8A79BD71-BC12-4806-B5AA-0202476409CF",
          "category": "undated"
        },
        {
          "title": "Pay Trailer registration",
          "list": "🌊FlowOs",
          "flagged": false,
          "priority": 0,
          "id": "E9B61877-964F-455F-8882-7787CA2030E2",
          "category": "undated"
        },
        {
          "title": "Pay Truck registration",
          "list": "🌊FlowOs",
          "flagged": false,
          "priority": 0,
          "id": "9158C3BA-DC74-40F6-9D69-868C7F2885DD",
          "category": "undated"
        },
        {
          "title": "Pay Truck registration",
          "list": "🌊FlowOs",
          "flagged": false,
          "priority": 0,
          "id": "DCFC246B-B5D6-41C9-AF2F-C5F0FC76AA3D",
          "category": "undated"
        },
        {
          "title": "Pay Water",
          "list": "🌊FlowOs",
          "flagged": false,
          "priority": 0,
          "id": "92931629-3E86-40D4-AD3C-2CA2D39A471E",
          "category": "undated"
        },
        {
          "title": "Return GoPro",
          "list": "🤖Nova",
          "flagged": false,
          "priority": 0,
          "id": "DDC61F6A-AC28-4CA0-99D5-0DEEDD580ECC",
          "category": "undated"
        },
        {
          "title": "Sign up mom for PayPal debit",
          "list": "🤖Nova",
          "flagged": false,
          "priority": 0,
          "id": "6BD353B1-79FD-4F52-906C-3E51057024D2",
          "category": "undated"
        },
        {
          "title": "🟢coding (📚life organizer)",
          "list": "🟢Projects",
          "flagged": false,
          "priority": 0,
          "id": "3AB29E40-6BB4-469C-86CE-608700974122",
          "category": "undated"
        }
      ]
    },
    "future": {
      "count": 74,
      "items": [
        {
          "title": "💤 sleep",
          "list": "🌊FlowOs",
          "flagged": false,
          "priority": 0,
          "id": "C4D6B51D-4D52-4105-B8D7-20A04FB0D467",
          "dueISO": "2025-11-16T00:00:00",
          "due_date": "2025-11-16",
          "category": "future",
          "days_until": 1
        },
        {
          "title": "sync notes to notion",
          "list": "🌊FlowOs",
          "flagged": false,
          "priority": 0,
          "id": "BA8299E4-9B63-4265-A48B-846CD79BB9B8",
          "dueISO": "2025-11-16T05:00:00",
          "due_date": "2025-11-16",
          "category": "future",
          "days_until": 1
        },
        {
          "title": "🎯review monthly goals",
          "list": "🌊FlowOs",
          "flagged": false,
          "priority": 0,
          "id": "0566D1E8-0D9C-4FAC-A377-D2FA22DD031D",
          "dueISO": "2025-11-16T08:00:00",
          "due_date": "2025-11-16",
          "category": "future",
          "days_until": 1
        },
        {
          "title": "read and take notes on [book title]",
          "list": "🌊FlowOs",
          "flagged": false,
          "priority": 0,
          "id": "AD1B6050-4FFB-49FC-9676-03BED7BF557B",
          "dueISO": "2025-11-16T09:15:00",
          "due_date": "2025-11-16",
          "category": "future",
          "days_until": 1
        },
        {
          "title": "cook",
          "list": "🌊FlowOs",
          "flagged": false,
          "priority": 0,
          "id": "BA1BF385-35F5-4F86-9B35-B84C51D0A08B",
          "dueISO": "2025-11-16T10:30:00",
          "due_date": "2025-11-16",
          "category": "future",
          "days_until": 1
        },
        {
          "title": "clean fridge handles",
          "list": "🌊FlowOs",
          "flagged": false,
          "priority": 0,
          "id": "9CFB48C5-E3DE-469C-9862-93DA077074DC",
          "dueISO": "2025-11-16T10:45:00",
          "due_date": "2025-11-16",
          "category": "future",
          "days_until": 1
        },
        {
          "title": "clean microwave",
          "list": "🌊FlowOs",
          "flagged": false,
          "priority": 0,
          "id": "146502CD-BD0B-4A10-B8C7-7BF20FBAACD2",
          "dueISO": "2025-11-16T10:45:00",
          "due_date": "2025-11-16",
          "category": "future",
          "days_until": 1
        },
        {
          "title": "🐶 💊feed dogs",
          "list": "🌊FlowOs",
          "flagged": false,
          "priority": 0,
          "id": "00082C7A-178A-4D3A-9353-A5D2919BDB2B",
          "dueISO": "2025-11-16T11:00:00",
          "due_date": "2025-11-16",
          "category": "future",
          "days_until": 1
        },
        {
          "title": "🧺 wash clothes",
          "list": "🌊FlowOs",
          "flagged": false,
          "priority": 0,
          "id": "A1E0329F-05FB-47E1-AC5C-2E45A1909C4B",
          "dueISO": "2025-11-16T11:35:00",
          "due_date": "2025-11-16",
          "category": "future",
          "days_until": 1
        },
        {
          "title": "🙆🏽‍♂️ precor stretch circuit",
          "list": "🌊FlowOs",
          "flagged": false,
          "priority": 0,
          "id": "1BEB6CA2-668B-47B0-B462-36FBEF6A335B",
          "dueISO": "2025-11-16T11:45:00",
          "due_date": "2025-11-16",
          "category": "future",
          "days_until": 1
        },
        {
          "title": "🧺 dry clothes",
          "list": "🌊FlowOs",
          "flagged": false,
          "priority": 0,
          "id": "DEDDDABF-7A98-462D-ADE1-46DF7E2EC0FC",
          "dueISO": "2025-11-16T12:00:00",
          "due_date": "2025-11-16",
          "category": "future",
          "days_until": 1
        },
        {
          "title": "dinner",
          "list": "🌊FlowOs",
          "flagged": false,
          "priority": 0,
          "id": "E84362E8-C75E-4167-80F4-DF2BABC0FE3D",
          "dueISO": "2025-11-16T18:15:00",
          "due_date": "2025-11-16",
          "category": "future",
          "days_until": 1
        },
        {
          "title": "🥁mpc session (make new beat)",
          "list": "🥁Hobbies",
          "flagged": false,
          "priority": 0,
          "id": "CCA5861A-6EE1-4C38-AA1D-7A4DD4038844",
          "dueISO": "2025-11-16T19:00:00",
          "due_date": "2025-11-16",
          "category": "future",
          "days_until": 1
        },
        {
          "title": "📂review chat gpt temp folder.",
          "list": "🌊FlowOs",
          "flagged": false,
          "priority": 0,
          "id": "B15C2A2F-4D93-4AD5-8676-AC200E0FFA84",
          "dueISO": "2025-11-16T20:00:00",
          "due_date": "2025-11-16",
          "category": "future",
          "days_until": 1
        },
        {
          "title": "review bills, plan payment schedule, transfer money",
          "list": "🌊FlowOs",
          "flagged": false,
          "priority": 0,
          "id": "5899BDA7-F235-47DA-87A1-08ECBD582D97",
          "dueISO": "2025-11-16T21:00:00",
          "due_date": "2025-11-16",
          "category": "future",
          "days_until": 1
        },
        {
          "title": "⚖️ weight gain meal",
          "list": "🌊FlowOs",
          "flagged": false,
          "priority": 0,
          "id": "1C8C8890-79A3-4CC7-8F41-3EFBA0015FA6",
          "dueISO": "2025-11-16T22:30:00",
          "due_date": "2025-11-16",
          "category": "future",
          "days_until": 1
        },
        {
          "title": "💤",
          "list": "🌊FlowOs",
          "flagged": false,
          "priority": 0,
          "id": "76625579-C4B0-464B-83D2-72FE2AB3A8D6",
          "dueISO": "2025-11-16T23:30:00",
          "due_date": "2025-11-16",
          "category": "future",
          "days_until": 1
        },
        {
          "title": "🙆🏽‍♂️ precor stretch circuit",
          "list": "🌊FlowOs",
          "flagged": false,
          "priority": 0,
          "id": "434F7451-F288-41E3-B984-0BEE69CD2C9B",
          "dueISO": "2025-11-17T08:00:00",
          "due_date": "2025-11-17",
          "category": "future",
          "days_until": 2
        },
        {
          "title": "🐶 take out dogs",
          "list": "🌊FlowOs",
          "flagged": false,
          "priority": 0,
          "id": "00C90E7D-3365-4744-8681-74C080F30770",
          "dueISO": "2025-11-17T08:00:00",
          "due_date": "2025-11-17",
          "category": "future",
          "days_until": 2
        },
        {
          "title": "🥤make smoothie",
          "list": "🌊FlowOs",
          "flagged": false,
          "priority": 0,
          "id": "99EE293F-62FD-4FED-AF09-12BB91FD14C6",
          "dueISO": "2025-11-17T08:30:00",
          "due_date": "2025-11-17",
          "category": "future",
          "days_until": 2
        },
        {
          "title": "☑️review overdue reminders(calendar zones)",
          "list": "🌊FlowOs",
          "flagged": false,
          "priority": 0,
          "id": "FFFE384B-9A79-4E16-BE2E-6A55B143A217",
          "dueISO": "2025-11-17T09:00:00",
          "due_date": "2025-11-17",
          "category": "future",
          "days_until": 2
        },
        {
          "title": "📝 move each note to its relevant folder",
          "list": "🌊FlowOs",
          "flagged": false,
          "priority": 0,
          "id": "53C1D784-C2AB-4964-AFC1-CD66041F0955",
          "dueISO": "2025-11-17T10:30:00",
          "due_date": "2025-11-17",
          "category": "future",
          "days_until": 2
        },
        {
          "title": "🚿 shower",
          "list": "🌊FlowOs",
          "flagged": false,
          "priority": 0,
          "id": "4F814BB3-A84E-42D8-BA09-52CBAA664468",
          "dueISO": "2025-11-17T15:00:00",
          "due_date": "2025-11-17",
          "category": "future",
          "days_until": 2
        },
        {
          "title": "dinner",
          "list": "🌊FlowOs",
          "flagged": false,
          "priority": 0,
          "id": "78FFCA52-CBB7-4348-82F7-2643E58851C8",
          "dueISO": "2025-11-17T17:00:00",
          "due_date": "2025-11-17",
          "category": "future",
          "days_until": 2
        },
        {
          "title": "🧠💬🤖📝 brainstorm with chat gpt",
          "list": "🌊FlowOs",
          "flagged": false,
          "priority": 0,
          "id": "77CA873B-839D-41F5-8D86-DFB2B1D79949",
          "dueISO": "2025-11-17T17:45:00",
          "due_date": "2025-11-17",
          "category": "future",
          "days_until": 2
        },
        {
          "title": "🥤make smoothie",
          "list": "🌊FlowOs",
          "flagged": false,
          "priority": 0,
          "id": "5F7A4AA3-740A-463B-A721-71BE0C22480E",
          "dueISO": "2025-11-17T19:00:00",
          "due_date": "2025-11-17",
          "category": "future",
          "days_until": 2
        },
        {
          "title": "🐶🧤",
          "list": "🌊FlowOs",
          "flagged": false,
          "priority": 0,
          "id": "C4D0F6AC-F89E-497D-926B-9E7AC84AB3B7",
          "dueISO": "2025-11-17T20:00:00",
          "due_date": "2025-11-17",
          "category": "future",
          "days_until": 2
        },
        {
          "title": "take out trash/recycling",
          "list": "🌊FlowOs",
          "flagged": false,
          "priority": 0,
          "id": "19367F5B-1EF5-4474-B839-80949C38DFE5",
          "dueISO": "2025-11-17T20:45:00",
          "due_date": "2025-11-17",
          "category": "future",
          "days_until": 2
        },
        {
          "title": "💤",
          "list": "🌊FlowOs",
          "flagged": false,
          "priority": 0,
          "id": "B9F90ECB-C8C0-4B57-9134-0127AD159F56",
          "dueISO": "2025-11-17T23:45:00",
          "due_date": "2025-11-17",
          "category": "future",
          "days_until": 2
        },
        {
          "title": "🥤make smoothie",
          "list": "🌊FlowOs",
          "flagged": false,
          "priority": 0,
          "id": "07963C2A-339C-44D5-8D23-18DEEF005B39",
          "dueISO": "2025-11-18T08:00:00",
          "due_date": "2025-11-18",
          "category": "future",
          "days_until": 3
        },
        {
          "title": "🐶 take out dogs",
          "list": "🌊FlowOs",
          "flagged": false,
          "priority": 0,
          "id": "C1E17F50-5B8D-484F-993A-C24EBCE0BCC8",
          "dueISO": "2025-11-18T09:00:00",
          "due_date": "2025-11-18",
          "category": "future",
          "days_until": 3
        },
        {
          "title": "🙆🏽‍♂️ precor stretch circuit",
          "list": "🌊FlowOs",
          "flagged": false,
          "priority": 0,
          "id": "F60DEA59-C257-4DC9-9877-EEA100F19265",
          "dueISO": "2025-11-18T09:30:00",
          "due_date": "2025-11-18",
          "category": "future",
          "days_until": 3
        },
        {
          "title": "🧠💬🤖📝 brainstorm with chatgpt",
          "list": "🌊FlowOs",
          "flagged": false,
          "priority": 0,
          "id": "D902E560-B7D1-4BCB-B2A3-F64A5543F5B6",
          "dueISO": "2025-11-18T10:30:00",
          "due_date": "2025-11-18",
          "category": "future",
          "days_until": 3
        },
        {
          "title": "🧺 mom wash clothes",
          "list": "Mom",
          "flagged": false,
          "priority": 0,
          "id": "F1F3313E-686D-446D-914F-1A751DBC872E",
          "dueISO": "2025-11-18T10:30:00",
          "due_date": "2025-11-18",
          "category": "future",
          "days_until": 3
        },
        {
          "title": "🧺mom dry clothes",
          "list": "Mom",
          "flagged": false,
          "priority": 0,
          "id": "7DB1B5A8-8E17-4F99-9717-703F98DE8882",
          "dueISO": "2025-11-18T11:15:00",
          "due_date": "2025-11-18",
          "category": "future",
          "days_until": 3
        },
        {
          "title": "🧺mom fold clothes",
          "list": "Mom",
          "flagged": false,
          "priority": 0,
          "id": "B5FA839F-5708-407E-84AF-58C1F1BB129B",
          "dueISO": "2025-11-18T12:00:00",
          "due_date": "2025-11-18",
          "category": "future",
          "days_until": 3
        },
        {
          "title": "🃏play cards",
          "list": "🌊FlowOs",
          "flagged": false,
          "priority": 0,
          "id": "A7AB8D54-8493-4941-A853-ADB9772927AD",
          "dueISO": "2025-11-18T13:30:00",
          "due_date": "2025-11-18",
          "category": "future",
          "days_until": 3
        },
        {
          "title": "🐶 take out dogs",
          "list": "🌊FlowOs",
          "flagged": false,
          "priority": 0,
          "id": "A7B92EB3-B952-4640-A8A2-70726FFE062F",
          "dueISO": "2025-11-18T15:00:00",
          "due_date": "2025-11-18",
          "category": "future",
          "days_until": 3
        },
        {
          "title": "Call mortgage",
          "list": "🔋Weekly Focus",
          "flagged": false,
          "priority": 0,
          "id": "463F08AC-6C23-4975-BFE9-A8B4C0B35077",
          "dueISO": "2025-11-18T16:00:00",
          "due_date": "2025-11-18",
          "category": "future",
          "days_until": 3
        },
        {
          "title": "🍉 make juice",
          "list": "🌊FlowOs",
          "flagged": false,
          "priority": 0,
          "id": "EF10B412-F70F-419F-9393-D928F6CB3CBD",
          "dueISO": "2025-11-18T16:30:00",
          "due_date": "2025-11-18",
          "category": "future",
          "days_until": 3
        },
        {
          "title": "dinner",
          "list": "🌊FlowOs",
          "flagged": false,
          "priority": 0,
          "id": "8ABAD1F7-E1BF-4D8F-A138-F2F5576D4660",
          "dueISO": "2025-11-18T18:30:00",
          "due_date": "2025-11-18",
          "category": "future",
          "days_until": 3
        },
        {
          "title": "💊 take medicine",
          "list": "Mom",
          "flagged": false,
          "priority": 0,
          "id": "8B2D64E1-FB62-4CB1-9327-DE137B581160",
          "dueISO": "2025-11-18T19:15:00",
          "due_date": "2025-11-18",
          "category": "future",
          "days_until": 3
        },
        {
          "title": "🧠💬🤖📝 brainstorm with chatgpt",
          "list": "🌊FlowOs",
          "flagged": false,
          "priority": 0,
          "id": "243A5448-71E0-407E-BBE5-D0E36D677D24",
          "dueISO": "2025-11-19T06:30:00",
          "due_date": "2025-11-19",
          "category": "future",
          "days_until": 4
        },
        {
          "title": "🥤make smoothie",
          "list": "🌊FlowOs",
          "flagged": false,
          "priority": 0,
          "id": "EC25A399-F1CF-4B92-A04A-3CF9535161EE",
          "dueISO": "2025-11-19T08:00:00",
          "due_date": "2025-11-19",
          "category": "future",
          "days_until": 4
        },
        {
          "title": "🐶 take out dogs",
          "list": "🌊FlowOs",
          "flagged": false,
          "priority": 0,
          "id": "5F47BBAF-0894-4114-A1A3-5DC7E2FB46AE",
          "dueISO": "2025-11-19T08:30:00",
          "due_date": "2025-11-19",
          "category": "future",
          "days_until": 4
        },
        {
          "title": "cut nails",
          "list": "🌊FlowOs",
          "flagged": false,
          "priority": 0,
          "id": "E082FCC7-07A9-4A8B-B764-43912E5F8188",
          "dueISO": "2025-11-19T09:00:00",
          "due_date": "2025-11-19",
          "category": "future",
          "days_until": 4
        },
        {
          "title": "make breakfast",
          "list": "🌊FlowOs",
          "flagged": false,
          "priority": 0,
          "id": "D14B9BFA-8961-4D39-996D-4A8AC29F7FD6",
          "dueISO": "2025-11-19T09:45:00",
          "due_date": "2025-11-19",
          "category": "future",
          "days_until": 4
        },
        {
          "title": "cut front grass",
          "list": "🌊FlowOs",
          "flagged": false,
          "priority": 0,
          "id": "BA67C1D7-6A4A-491D-B5A1-FF9340C526E9",
          "dueISO": "2025-11-19T10:00:00",
          "due_date": "2025-11-19",
          "category": "future",
          "days_until": 4
        },
        {
          "title": "🩺 hypervice calve",
          "list": "🌊FlowOs",
          "flagged": false,
          "priority": 0,
          "id": "DB5C8D0D-D703-489B-A4A8-3CF017A4ED95",
          "dueISO": "2025-11-19T10:45:00",
          "due_date": "2025-11-19",
          "category": "future",
          "days_until": 4
        },
        {
          "title": "🙆🏽‍♂️ precor stretch circuit",
          "list": "🌊FlowOs",
          "flagged": false,
          "priority": 0,
          "id": "D84D3C76-671C-40E7-8738-BEA7CA1B5C7D",
          "dueISO": "2025-11-19T10:45:00",
          "due_date": "2025-11-19",
          "category": "future",
          "days_until": 4
        },
        {
          "title": "🐶take out dogs",
          "list": "🌊FlowOs",
          "flagged": false,
          "priority": 0,
          "id": "4690CED3-A0E3-4432-893F-0F77DD276C80",
          "dueISO": "2025-11-19T15:30:00",
          "due_date": "2025-11-19",
          "category": "future",
          "days_until": 4
        },
        {
          "title": "cut front grass",
          "list": "🌊FlowOs",
          "flagged": false,
          "priority": 0,
          "id": "B118AD6D-3104-4317-AB95-4D771ADE094B",
          "dueISO": "2025-11-19T17:00:00",
          "due_date": "2025-11-19",
          "category": "future",
          "days_until": 4
        },
        {
          "title": "🩺 hypervice knee",
          "list": "🌊FlowOs",
          "flagged": false,
          "priority": 0,
          "id": "A7A5F373-2E5B-4F4E-834F-4B02A397C511",
          "dueISO": "2025-11-19T18:45:00",
          "due_date": "2025-11-19",
          "category": "future",
          "days_until": 4
        },
        {
          "title": "🔋Weekly Focus Review",
          "list": "🔋Weekly Focus",
          "flagged": false,
          "priority": 0,
          "id": "1254B41F-A53B-45E9-89BE-DFAFBF98B49B",
          "dueISO": "2025-11-19T19:00:00",
          "due_date": "2025-11-19",
          "category": "future",
          "days_until": 4
        },
        {
          "title": "journal reflection",
          "list": "🌊FlowOs",
          "flagged": false,
          "priority": 0,
          "id": "F38AC120-CB81-4AD5-875F-94A5F5FA2A21",
          "dueISO": "2025-11-19T19:45:00",
          "due_date": "2025-11-19",
          "category": "future",
          "days_until": 4
        },
        {
          "title": "🟢coding (🧬jenquin-frontend)",
          "list": "🟢Projects",
          "flagged": false,
          "priority": 0,
          "id": "B4EBC67D-F8C5-4D8D-B41F-F1F7BAA1E8D2",
          "dueISO": "2025-11-19T21:00:00",
          "due_date": "2025-11-19",
          "category": "future",
          "days_until": 4
        },
        {
          "title": "🐶 take out dogs",
          "list": "🌊FlowOs",
          "flagged": false,
          "priority": 0,
          "id": "64BA93B6-5222-4A0A-8AC2-64CF7437E1A7",
          "dueISO": "2025-11-19T22:15:00",
          "due_date": "2025-11-19",
          "category": "future",
          "days_until": 4
        },
        {
          "title": "💤",
          "list": "🌊FlowOs",
          "flagged": false,
          "priority": 0,
          "id": "E0A31A68-3256-44FD-9C39-219EE072F448",
          "dueISO": "2025-11-19T23:30:00",
          "due_date": "2025-11-19",
          "category": "future",
          "days_until": 4
        },
        {
          "title": "massage chair",
          "list": "🌊FlowOs",
          "flagged": false,
          "priority": 0,
          "id": "70F94158-E136-404D-A7A8-CF323AE3DDE1",
          "dueISO": "2025-11-20T08:00:00",
          "due_date": "2025-11-20",
          "category": "future",
          "days_until": 5
        },
        {
          "title": "🐶 take out dogs",
          "list": "🌊FlowOs",
          "flagged": false,
          "priority": 0,
          "id": "1B452F02-EAA4-4805-A730-B41DC35932D4",
          "dueISO": "2025-11-20T09:00:00",
          "due_date": "2025-11-20",
          "category": "future",
          "days_until": 5
        },
        {
          "title": "🥤make smoothie",
          "list": "🌊FlowOs",
          "flagged": false,
          "priority": 0,
          "id": "44AD786F-B7CD-43C7-9EEB-80D7143C8CD8",
          "dueISO": "2025-11-20T10:30:00",
          "due_date": "2025-11-20",
          "category": "future",
          "days_until": 5
        },
        {
          "title": "☑️review overdue reminders(calendar zones)",
          "list": "🌊FlowOs",
          "flagged": false,
          "priority": 0,
          "id": "224491C4-B75A-4FEF-AF0C-9E6C0CC83C82",
          "dueISO": "2025-11-20T12:30:00",
          "due_date": "2025-11-20",
          "category": "future",
          "days_until": 5
        },
        {
          "title": "🛒grocery shop",
          "list": "🌊FlowOs",
          "flagged": false,
          "priority": 0,
          "id": "F67DD7ED-1100-447C-8711-0FFAF7E37E27",
          "dueISO": "2025-11-20T14:00:00",
          "due_date": "2025-11-20",
          "category": "future",
          "days_until": 5
        },
        {
          "title": "🐶 take out dogs",
          "list": "🌊FlowOs",
          "flagged": false,
          "priority": 0,
          "id": "4620C9A2-FA36-4176-AF12-23DB0DC7A241",
          "dueISO": "2025-11-20T15:00:00",
          "due_date": "2025-11-20",
          "category": "future",
          "days_until": 5
        },
        {
          "title": "🧘🏽‍♂️ yoga/breathwork",
          "list": "🌊FlowOs",
          "flagged": false,
          "priority": 0,
          "id": "AD1FFA74-E03D-41B1-973A-4FE1FA510211",
          "dueISO": "2025-11-20T16:00:00",
          "due_date": "2025-11-20",
          "category": "future",
          "days_until": 5
        },
        {
          "title": "cook",
          "list": "🌊FlowOs",
          "flagged": false,
          "priority": 0,
          "id": "B93D8C9A-A7B5-4EB1-BDA4-B4DDD59B6328",
          "dueISO": "2025-11-20T18:00:00",
          "due_date": "2025-11-20",
          "category": "future",
          "days_until": 5
        },
        {
          "title": "dinner",
          "list": "🌊FlowOs",
          "flagged": false,
          "priority": 0,
          "id": "D181442A-1A22-4775-A5B0-93D5E06DF86F",
          "dueISO": "2025-11-20T18:30:00",
          "due_date": "2025-11-20",
          "category": "future",
          "days_until": 5
        },
        {
          "title": "🧠💬🤖📝 brainstorm with chatgpt",
          "list": "🌊FlowOs",
          "flagged": false,
          "priority": 0,
          "id": "8D7CE0C0-8549-473B-A0EC-CAD073675D6C",
          "dueISO": "2025-11-20T22:30:00",
          "due_date": "2025-11-20",
          "category": "future",
          "days_until": 5
        },
        {
          "title": "youtube/massage chair",
          "list": "🌊FlowOs",
          "flagged": false,
          "priority": 0,
          "id": "EDA167DC-938F-4213-8708-8C9BE705931A",
          "dueISO": "2025-11-20T23:45:00",
          "due_date": "2025-11-20",
          "category": "future",
          "days_until": 5
        },
        {
          "title": "💤 sleep",
          "list": "🌊FlowOs",
          "flagged": false,
          "priority": 0,
          "id": "B856A095-C92D-4A7D-BDDE-A005E676CF1E",
          "dueISO": "2025-11-20T23:55:00",
          "due_date": "2025-11-20",
          "category": "future",
          "days_until": 5
        },
        {
          "title": "Pay Car Insurance $302.73 this month",
          "list": "🌊FlowOs",
          "flagged": false,
          "priority": 0,
          "id": "C20FC809-8DFF-48F1-9510-D0CBF63940FD",
          "dueISO": "2025-11-22T09:30:00",
          "due_date": "2025-11-22",
          "category": "future",
          "days_until": 7
        },
        {
          "title": "🍯 make sugar water",
          "list": "🌊FlowOs",
          "flagged": false,
          "priority": 0,
          "id": "6B5A2902-E623-4F44-A72B-5089F178CA1E",
          "dueISO": "2025-11-27T13:30:00",
          "due_date": "2025-11-27",
          "category": "future",
          "days_until": 12
        },
        {
          "title": "🪴 monthly plant day",
          "list": "🌊FlowOs",
          "flagged": false,
          "priority": 0,
          "id": "FB9393D2-D0B5-4845-9D97-8EB6C14CCE4E",
          "dueISO": "2025-12-02T08:00:00",
          "due_date": "2025-12-02",
          "category": "future",
          "days_until": 17
        },
        {
          "title": "🥡🍔",
          "list": "🌊FlowOs",
          "flagged": false,
          "priority": 0,
          "id": "8ADB7BDC-EDDC-4A0B-89D5-5EE0A1C06E36",
          "dueISO": "2025-12-12T14:00:00",
          "due_date": "2025-12-12",
          "category": "future",
          "days_until": 27
        }
      ]
    }
  },
  "total_count": 157,
  "generated_at": "2025-11-15T08:45:17.111935"
}