id,title,due,tag,zone,list
DB83ABC7-ACF6-4D5A-BC07-5482623F995B,coding (📈 trading agent),2025-11-05 06:00:00,productivity_management.research.perform research task,creation_and_project,🟢Projects
E71CDF06-3DE7-4C3B-9636-75306E6297CE,sign up mom for Lolli,2025-07-23 05:00:00,dynamic_tasks.errands_logistics,errands,Mom
E4C85B05-6269-4C33-84BA-381B21A0A828,Pay Hoa,Error: signed integer is greater than maximum,dynamic_tasks.errands_logistics,errands,🌊FlowOs
275CB0CB-D475-4D4F-B737-B69DFF91E00B,Pay Property Tax,Error: signed integer is greater than maximum,dynamic_tasks.errands_logistics,errands,🌊FlowOs
002657B3-C927-46AF-A118-3430E55D1AB1,Pay School Loan,Error: signed integer is greater than maximum,dynamic_tasks.errands_logistics,errands,🌊FlowOs
74F381A0-C075-49B9-87F4-20572643FAA6,Pay Irs,Error: signed integer is greater than maximum,dynamic_tasks.errands_logistics,errands,🌊FlowOs
5CA7919A-8AF3-48C1-99D9-3600A188D07D,Pay Heloc,Error: signed integer is greater than maximum,dynamic_tasks.errands_logistics,errands,🌊FlowOs
62892B50-2FDB-4D54-9714-D6EC34EA6430,Irs Tax Deferment,Error: signed integer is greater than maximum,dynamic_tasks.errands_logistics,errands,🌊FlowOs
186A1553-A543-4E80-8308-785DECB79FC1,Pay Property Insuance,Error: signed integer is greater than maximum,dynamic_tasks.errands_logistics,errands,🌊FlowOs
9D46AE8D-A917-4815-841D-10C1B6E95A47,Pay Mortgage,Error: signed integer is greater than maximum,financial_management.bill_payments.pay water,administrative,🌊FlowOs
4587AF8D-087E-4CED-83C9-1EBF4C303E0E,cut side grass,2025-09-02 17:00:00,health_wellness.personal_care.cut nails,errands,🌊FlowOs
7190D6E6-65F6-4A7C-92D6-D26728492160,"📄 Start compiling hardship docs (✅bank statements, ☑️income proof, ☑️expenses)",2025-09-02 22:00:00,health_wellness.exercise.outdoor walk,health,🌊FlowOs
DD38CC79-FD77-49F3-BB98-A56F9779649B,Finish bank statement ledger,Error: signed integer is greater than maximum,dynamic_tasks.errands_logistics,errands,🌊FlowOs
3C9708BC-FF00-4AC0-A909-CDCA6D1F5A22,Last Day To Clear Mortgage (Mr Cooper) Default $2649.72,Error: signed integer is greater than maximum,dynamic_tasks.errands_logistics,errands,🌊FlowOs
2F431104-66F2-467F-8EF3-DA6119D33ED8,📤Email Mr Cooper,2025-09-04 14:00:00,dynamic_tasks.errands_logistics,errands,🌊FlowOs
ECF7C740-9621-4209-9A00-3A494EF3323D,📤 Draft + fill out mortgage assistance application,2025-09-16 13:00:00,dynamic_tasks.errands_logistics,errands,🌊FlowOs
355DF1DE-DC9A-4ECF-8968-7FC21C862565,Migrate other half of kwenta,Error: signed integer is greater than maximum,dynamic_tasks.errands_logistics,errands,🌊FlowOs
26481C5E-F12E-40F6-BDED-415E71FC3FC0,30 pushups/60 squats/1 min wall sits,2025-09-18 14:00:00,health_wellness.exercise.strength training,health,🌊FlowOs
80596DD2-F8FB-4322-A27D-74000FDE2C94,weekly coding review,2025-10-23 12:00:00,productivity_management.scheduling.weekly coding review,errands,🟢Projects
571038A5-07EE-4AA8-A734-4064DCB3DA3D,💪🏽tonal/pushups,2025-09-21 13:45:00,health_wellness.exercise.strength training,health,🌊FlowOs
B78E7FE5-6F36-4FE2-8F2D-CB777CF9A232,40 Pushups/80 Squats/Gyro Ball,2025-10-13 21:30:00,health_wellness.exercise.strength training,health,🌊FlowOs
B4EBC67D-F8C5-4D8D-B41F-F1F7BAA1E8D2,🟢coding (🧬jenquin-frontend),2025-11-19 21:00:00,productivity_management.research.perform research task,creation_and_project,🟢Projects
F09137EA-51F0-49FC-9CE6-E2E8891283F1,💰lolli daily stack,2025-10-15 10:00:00,financial_management.savings_investments.lolli daily stack,errands,🌊FlowOs
6B5A2902-E623-4F44-A72B-5089F178CA1E,🍯 make sugar water,2025-11-27 13:30:00,dynamic_tasks.errands_logistics,errands,🌊FlowOs
24BB8FBA-94A1-426A-B26F-65F94D2B6806,https://www.aipapathways.com,2025-10-16 21:00:00,dynamic_tasks.errands_logistics,errands,🌊FlowOs
458A6FFF-18B7-4282-A275-EEB599B738DB,Pay Electric,Error: signed integer is greater than maximum,financial_management.bill_payments.pay water,administrative,🌊FlowOs
0D257B9F-CAD0-422E-879D-84773E4C822A,Order Amazon items,2025-10-17 09:30:00,dynamic_tasks.errands_logistics,errands,🌊FlowOs
BB88B125-5D4B-4AB0-B589-1B91274BC228,📬 review mail,2025-11-05 14:30:00,emoji_aliases.📬,administrative,🌊FlowOs
A7A5F373-2E5B-4F4E-834F-4B02A397C511,🩺 hypervice knee,2025-11-19 18:45:00,emoji_aliases.🩺,health,🌊FlowOs
6BD353B1-79FD-4F52-906C-3E51057024D2,Sign up mom for PayPal debit,Error: signed integer is greater than maximum,dynamic_tasks.errands_logistics,errands,🤖Nova
0C363AD5-2A24-4C21-8435-0FD79050FEA1,🙆🏽‍♂️ precor stretch circuit,2025-11-15 09:30:00,health_wellness.exercise.outdoor walk,health,🌊FlowOs
BA8299E4-9B63-4265-A48B-846CD79BB9B8,sync notes to notion,2025-11-16 05:00:00,dynamic_tasks.errands_logistics,errands,🌊FlowOs
A95CDDF4-DE0D-4214-8856-CFDA1133180D,massage chair energize,2025-11-09 08:00:00,dynamic_tasks.errands_logistics,errands,🌊FlowOs
1012F574-6D68-4A35-840A-7AF334F3B026,Mortgage assistance application due,Error: signed integer is greater than maximum,dynamic_tasks.errands_logistics,errands,🤖Nova
B35CB434-9650-416B-8B90-2FBCDB8BFDC0,Gather Food Stamp Docs Needed,Error: signed integer is greater than maximum,dynamic_tasks.errands_logistics,errands,🤖Nova
5DAA7734-45F5-4934-96B4-D29498D81272,Gather mortgage hardship,2025-08-25 13:00:00,dynamic_tasks.errands_logistics,errands,🤖Nova
42341055-E94F-4667-8748-7BEB87153FC4,🧖🏽‍♂️spa shower,2025-10-26 09:00:00,health_wellness.exercise.outdoor walk,health,🌊FlowOs
463F08AC-6C23-4975-BFE9-A8B4C0B35077,Call mortgage,2025-11-18 16:00:00,dynamic_tasks.errands_logistics,errands,🔋Weekly Focus
1BEB6CA2-668B-47B0-B462-36FBEF6A335B,🙆🏽‍♂️ precor stretch circuit,2025-11-16 11:45:00,health_wellness.exercise.outdoor walk,health,🌊FlowOs
FD066BF7-D17D-439F-A030-5CF6073B9069,📝review note organizer weekly summary,2025-11-15 17:00:00,productivity_management.scheduling.adjust daily plan,administrative,🌊FlowOs
B15C2A2F-4D93-4AD5-8676-AC200E0FFA84,📂review chat gpt temp folder.,2025-11-16 20:00:00,dynamic_tasks.errands_logistics,errands,🌊FlowOs
76625579-C4B0-464B-83D2-72FE2AB3A8D6,💤,2025-11-16 23:30:00,emoji_aliases.🐶,health,🌊FlowOs
3E8248D8-B813-42C4-8CA7-9F414A3875C6,respond to facebook/ig/text messages,2025-11-10 07:30:00,dynamic_tasks.errands_logistics,errands,🌊FlowOs
434F7451-F288-41E3-B984-0BEE69CD2C9B,🙆🏽‍♂️ precor stretch circuit,2025-11-17 08:00:00,health_wellness.exercise.outdoor walk,health,🌊FlowOs
FFFE384B-9A79-4E16-BE2E-6A55B143A217,☑️review overdue reminders(calendar zones),2025-11-17 09:00:00,,unassigned,🌊FlowOs
E66C470E-E86E-4680-BF5F-7BF9AAB7CA3E,🙆🏽‍♂️ precor stretch circuit,2025-11-10 09:30:00,health_wellness.exercise.outdoor walk,health,🌊FlowOs
53C1D784-C2AB-4964-AFC1-CD66041F0955,📝 move each note to its relevant folder,2025-11-17 10:30:00,,unassigned,🌊FlowOs
4F814BB3-A84E-42D8-BA09-52CBAA664468,🚿 shower,2025-11-17 15:00:00,emoji_aliases.🚿,health,🌊FlowOs
B9F90ECB-C8C0-4B57-9134-0127AD159F56,💤,2025-11-17 23:45:00,emoji_aliases.🐶,health,🌊FlowOs
3DBAF78B-B8A5-4CBF-B3D8-0CFE53B9B951,Chill/Social,2025-11-11 04:15:00,social_wellness.fun.chillsocial,errands,🌊FlowOs
E788BCC3-EBD1-4E7B-B364-2503F8628D19,🪴weekly plant day,2025-11-11 06:00:00,productivity_management.scheduling.plan,errands,🌊FlowOs
4E3693C0-D41F-4004-BC8B-83EEE18C1698,🍽️ mom lunch,2025-11-14 15:30:00,health_wellness.exercise.outdoor walk,health,Mom
07963C2A-339C-44D5-8D23-18DEEF005B39,🥤make smoothie,2025-11-18 08:00:00,personal_tasks.health_wellness.meal_planning,health,🌊FlowOs
C1E17F50-5B8D-484F-993A-C24EBCE0BCC8,🐶 take out dogs,2025-11-18 09:00:00,personal_tasks.health_wellness,health,🌊FlowOs
F60DEA59-C257-4DC9-9877-EEA100F19265,🙆🏽‍♂️ precor stretch circuit,2025-11-18 09:30:00,health_wellness.exercise.outdoor walk,health,🌊FlowOs
D902E560-B7D1-4BCB-B2A3-F64A5543F5B6,🧠💬🤖📝 brainstorm with chatgpt,2025-11-18 10:30:00,productivity_management.scheduling.review weekly schedule,review_and_planning,🌊FlowOs
A7AB8D54-8493-4941-A853-ADB9772927AD,🃏play cards,2025-11-18 13:30:00,personal_tasks.social_wellness.fun,social,🌊FlowOs
FF33EA2C-E7F4-4D52-9477-EC877859DF76,move photos to relevant album,2025-10-28 14:15:00,dynamic_tasks.errands_logistics,errands,🌊FlowOs
A7B92EB3-B952-4640-A8A2-70726FFE062F,🐶 take out dogs,2025-11-18 15:00:00,personal_tasks.health_wellness,health,🌊FlowOs
EF10B412-F70F-419F-9393-D928F6CB3CBD,🍉 make juice,2025-11-18 16:30:00,dynamic_tasks.errands_logistics,errands,🌊FlowOs
F777B328-F0BD-422A-9605-9A39A8680FCF,clean bathroom,2025-11-11 18:00:00,dynamic_tasks.errands_logistics,errands,🌊FlowOs
1254B41F-A53B-45E9-89BE-DFAFBF98B49B,🔋Weekly Focus Review,2025-11-19 19:00:00,dynamic_tasks.errands_logistics,errands,🔋Weekly Focus
7D99D582-9FC7-4A3C-AE6C-4E3C88DEC768,clean bathroom counter,2025-11-08 22:15:00,dynamic_tasks.errands_logistics,errands,🌊FlowOs
8ABAD1F7-E1BF-4D8F-A138-F2F5576D4660,dinner,2025-11-18 18:30:00,health_wellness.meal_planning.prep meals,prep_and_maintenance,🌊FlowOs
5F4110C9-D11A-4623-98F6-000C533E9DDA,🚿 shower,2025-11-11 19:00:00,emoji_aliases.🚿,health,🌊FlowOs
E082FCC7-07A9-4A8B-B764-43912E5F8188,cut nails,2025-11-19 09:00:00,health_wellness.personal_care.cut nails,errands,🌊FlowOs
DB5C8D0D-D703-489B-A4A8-3CF017A4ED95,🩺 hypervice calve,2025-11-19 10:45:00,emoji_aliases.🩺,health,🌊FlowOs
298D123C-E4F5-4C16-88A7-B75D3B161EFB,📝 review note organizer 3-day summary,2025-11-05 18:00:00,,unassigned,🌊FlowOs
F38AC120-CB81-4AD5-875F-94A5F5FA2A21,journal reflection,2025-11-19 19:45:00,dynamic_tasks.errands_logistics,errands,🌊FlowOs
6CEACA0F-8B27-4AA1-B4E8-79F4415A1148,🥣mom breakfast,2025-11-14 10:00:00,health_wellness.meal_planning.prep meals,prep_and_maintenance,Mom
64BA93B6-5222-4A0A-8AC2-64CF7437E1A7,🐶 take out dogs,2025-11-19 22:15:00,personal_tasks.health_wellness,health,🌊FlowOs
E0A31A68-3256-44FD-9C39-219EE072F448,💤,2025-11-19 23:30:00,emoji_aliases.🐶,health,🌊FlowOs
274E6DCC-A4B1-4595-8B37-318448E24306,🪴 water plants,2025-11-14 07:30:00,productivity_management.scheduling.plan,errands,🌊FlowOs
70F94158-E136-404D-A7A8-CF323AE3DDE1,massage chair,2025-11-20 08:00:00,dynamic_tasks.errands_logistics,errands,🌊FlowOs
1B452F02-EAA4-4805-A730-B41DC35932D4,🐶 take out dogs,2025-11-20 09:00:00,personal_tasks.health_wellness,health,🌊FlowOs
9003F482-6BFD-4B97-A510-F64E9F60696B,🟢coding (🧬jenquin-backend),2025-10-19 18:00:00,productivity_management.research.perform research task,creation_and_project,🟢Projects
FCA9EF26-13A5-4EA9-BD64-2C151DEA6F22,💈cut hair/shower,2025-10-30 10:30:00,emoji_aliases.💈,health,🌊FlowOs
44AD786F-B7CD-43C7-9EEB-80D7143C8CD8,🥤make smoothie,2025-11-20 10:30:00,personal_tasks.health_wellness.meal_planning,health,🌊FlowOs
F12572FD-9C05-4277-8CF6-3213F4483B39,🐶🍗 feed dogs,2025-11-14 11:15:00,household_management.pet_care.feed dogs,prep_and_maintenance,🌊FlowOs
60D1E01A-B4E6-4AB6-91DE-B9E33885382B,update facebook marketplace,2025-11-13 11:30:00,productivity_management.data_entry.update facebook marketplace,errands,🌊FlowOs
DAACE7E1-302C-4C22-816C-B9B604EC6995,🩺mom rehab,2025-11-14 10:30:00,emoji_aliases.🩺,health,Mom
224491C4-B75A-4FEF-AF0C-9E6C0CC83C82,☑️review overdue reminders(calendar zones),2025-11-20 12:30:00,,unassigned,🌊FlowOs
925EB422-567B-4214-941C-0C81C4D37991,lunch,2025-11-14 15:00:00,health_wellness.meal_planning.prep meals,prep_and_maintenance,🌊FlowOs
4620C9A2-FA36-4176-AF12-23DB0DC7A241,🐶 take out dogs,2025-11-20 15:00:00,personal_tasks.health_wellness,health,🌊FlowOs
AD1FFA74-E03D-41B1-973A-4FE1FA510211,🧘🏽‍♂️ yoga/breathwork,2025-11-20 16:00:00,health_wellness.exercise.morning stretch,health,🌊FlowOs
732F1935-885D-4277-A9A3-AC7C7E9E1F72,clean inside fridge/compost,2025-11-13 17:00:00,dynamic_tasks.errands_logistics,errands,🌊FlowOs
B93D8C9A-A7B5-4EB1-BDA4-B4DDD59B6328,cook,2025-11-20 18:00:00,health_wellness.meal_planning.prep meals,prep_and_maintenance,🌊FlowOs
D181442A-1A22-4775-A5B0-93D5E06DF86F,dinner,2025-11-20 18:30:00,health_wellness.meal_planning.prep meals,prep_and_maintenance,🌊FlowOs
8D7CE0C0-8549-473B-A0EC-CAD073675D6C,🧠💬🤖📝 brainstorm with chatgpt,2025-11-20 22:30:00,productivity_management.scheduling.review weekly schedule,review_and_planning,🌊FlowOs
EDA167DC-938F-4213-8708-8C9BE705931A,youtube/massage chair,2025-11-20 23:45:00,health_wellness.relaxation.youtubemassage chair,errands,🌊FlowOs
3AB29E40-6BB4-469C-86CE-608700974122,🟢coding (📚life organizer),Error: signed integer is greater than maximum,productivity_management.scheduling.adjust daily plan,administrative,🟢Projects
0D2EAFD9-1867-4336-A725-A8BFAFD60E30,🥤mom smoothie,2025-11-14 11:00:00,personal_tasks.health_wellness.meal_planning,health,Mom
B856A095-C92D-4A7D-BDDE-A005E676CF1E,💤 sleep,2025-11-20 23:55:00,emoji_aliases.💤,rest_and_recharge,🌊FlowOs
021A8EA3-E6A7-4793-BCB8-5EADE9284277,🐶🧹vacuum dog room,2025-11-14 08:00:00,personal_tasks.health_wellness,health,🌊FlowOs
B206B44B-6B87-40D6-ABC8-FBBF5256594B,🧠💬🤖📝 brainstorm with chatgpt,2025-11-14 08:30:00,productivity_management.scheduling.review weekly schedule,review_and_planning,🌊FlowOs
0629BDA2-B8AF-42EF-BD24-355212865F55,📝move each note to its relevant folder,2025-11-14 09:00:00,,unassigned,🌊FlowOs
D98C62D2-D06E-4F0D-B362-9DED43A39817,🚴‍♀️mom bike,2025-11-14 18:30:00,health_wellness.exercise.outdoor walk,health,Mom
0B819211-6B87-4E58-B962-F1C02F1B82B4,🥤make smoothies,2025-11-14 09:30:00,personal_tasks.health_wellness.meal_planning,health,🌊FlowOs
92AE76FF-AC71-4B33-B7D3-C0FE2BF08033,🚿,2025-11-14 15:30:00,emoji_aliases.🐶,health,🌊FlowOs
5FA5B5FA-B222-4556-B1F5-5315380B1905,🎶🧹🎸 jam out session,2025-11-14 16:00:00,dynamic_tasks.errands_logistics,errands,🌊FlowOs
B118AD6D-3104-4317-AB95-4D771ADE094B,cut front grass,2025-11-19 17:00:00,health_wellness.personal_care.cut nails,errands,🌊FlowOs
0481F54E-6550-47DA-A4EA-72CEC5B03A65,Mom Ambetter Due,Error: signed integer is greater than maximum,financial_management.bill_payments.ambetter,administrative,🌊FlowOs
4A2D76CC-734F-4435-AF44-73B7CC8826AF,💤 sleep,2025-11-15 00:30:00,emoji_aliases.💤,rest_and_recharge,🌊FlowOs
9D54E143-021D-47BF-8F24-9527EACD6CD1,🐶 take out dogs,2025-11-15 09:45:00,personal_tasks.health_wellness,health,🌊FlowOs
9C23AA40-3E4B-4D0D-A12B-BF0E6A01D882,🍽️ mom dinner,2025-11-14 20:30:00,health_wellness.exercise.outdoor walk,health,Mom
B338276D-A80C-43B6-B912-D1D70C736899,flag overdue reminders,2025-11-15 12:00:00,,unassigned,🌊FlowOs
884B4A64-6990-4037-B68E-AB8D66FF72F1,🥁 mpc session,2025-11-15 14:45:00,emoji_aliases.🥁,social,🥁Hobbies
787A9593-D6D0-4D96-B22D-3B07462460B0,🃏play cards,2025-11-15 17:30:00,personal_tasks.social_wellness.fun,social,Mom
12418A28-6ECE-4136-8F0B-989048A18B1B,🥁mpc session (make new beat),2025-11-09 19:00:00,emoji_aliases.🥁,social,🥁Hobbies
CCA5861A-6EE1-4C38-AA1D-7A4DD4038844,🥁mpc session (make new beat),2025-11-16 19:00:00,emoji_aliases.🥁,social,🥁Hobbies
F7D4A51A-E431-410F-9403-D9C8928B52F7,📂 review chat gpt temp folder,2025-11-15 13:00:00,dynamic_tasks.errands_logistics,errands,🌊FlowOs
59703335-E686-45B7-BC39-17CF2738D4AB,🔋update energy focus plan,2025-11-15 18:00:00,productivity_management.scheduling.plan,errands,🌊FlowOs
F1F3313E-686D-446D-914F-1A751DBC872E,🧺 mom wash clothes,2025-11-18 10:30:00,emoji_aliases.🧺,prep_and_maintenance,Mom
38B65DF2-DE64-488D-B62D-6FE3D8A798B1,🥁 mpc session (midi record livekit3 to mpcx),2025-11-10 19:30:00,,unassigned,🥁Hobbies
2EE75B35-25D7-4ACE-AB82-7CDA4080A646,dinner,2025-11-15 19:00:00,health_wellness.meal_planning.prep meals,prep_and_maintenance,🌊FlowOs
2B161E64-1EAC-4660-B038-CF35D83953CD,massage chair,2025-11-15 23:00:00,dynamic_tasks.errands_logistics,errands,🌊FlowOs
7DB1B5A8-8E17-4F99-9717-703F98DE8882,🧺mom dry clothes,2025-11-18 11:15:00,emoji_aliases.🧺,prep_and_maintenance,Mom
C4D6B51D-4D52-4105-B8D7-20A04FB0D467,💤 sleep,2025-11-16 00:00:00,emoji_aliases.💤,rest_and_recharge,🌊FlowOs
FB9393D2-D0B5-4845-9D97-8EB6C14CCE4E,🪴 monthly plant day,2025-12-02 08:00:00,productivity_management.scheduling.plan,errands,🌊FlowOs
0566D1E8-0D9C-4FAC-A377-D2FA22DD031D,🎯review monthly goals,2025-11-16 08:00:00,dynamic_tasks.errands_logistics,errands,🌊FlowOs
AD1B6050-4FFB-49FC-9676-03BED7BF557B,read and take notes on [book title],2025-11-16 09:15:00,dynamic_tasks.errands_logistics,errands,🌊FlowOs
F67DD7ED-1100-447C-8711-0FFAF7E37E27,🛒grocery shop,2025-11-20 14:00:00,dynamic_tasks.errands_logistics,errands,🌊FlowOs
BA1BF385-35F5-4F86-9B35-B84C51D0A08B,cook,2025-11-16 10:30:00,health_wellness.meal_planning.prep meals,prep_and_maintenance,🌊FlowOs
9CFB48C5-E3DE-469C-9862-93DA077074DC,clean fridge handles,2025-11-16 10:45:00,dynamic_tasks.errands_logistics,errands,🌊FlowOs
B69DBF8E-5AAF-45C6-8D49-0F3E855B1F99,🥁 mpc session (yoga flow/sample cuz ig raps),2025-10-28 20:15:00,health_wellness.exercise.morning stretch,health,🥁Hobbies
B5FA839F-5708-407E-84AF-58C1F1BB129B,🧺mom fold clothes,2025-11-18 12:00:00,emoji_aliases.🧺,prep_and_maintenance,Mom
146502CD-BD0B-4A10-B8C7-7BF20FBAACD2,clean microwave,2025-11-16 10:45:00,household_management.cleaning.kitchen.clean microwave,prep_and_maintenance,🌊FlowOs
00082C7A-178A-4D3A-9353-A5D2919BDB2B,🐶 💊feed dogs,2025-11-16 11:00:00,household_management.pet_care.feed dogs,prep_and_maintenance,🌊FlowOs
A1E0329F-05FB-47E1-AC5C-2E45A1909C4B,🧺 wash clothes,2025-11-16 11:35:00,emoji_aliases.🧺,prep_and_maintenance,🌊FlowOs
DEDDDABF-7A98-462D-ADE1-46DF7E2EC0FC,🧺 dry clothes,2025-11-16 12:00:00,emoji_aliases.🧺,prep_and_maintenance,🌊FlowOs
44F3AC12-9DC6-4F1A-B26F-42C41D2F7F7D,🧺 fold clothes,2025-11-09 14:30:00,emoji_aliases.🧺,prep_and_maintenance,🌊FlowOs
4A91CB38-1E00-45AD-8EE2-2B8637B192A2,clean room,2025-11-09 14:40:00,household_management.cleaning.bedroom.clean room,errands,🌊FlowOs
E84362E8-C75E-4167-80F4-DF2BABC0FE3D,dinner,2025-11-16 18:15:00,health_wellness.meal_planning.prep meals,prep_and_maintenance,🌊FlowOs
BB680A0F-6B2A-477B-86A7-DAB423DC3B2F,🥁🎤📸mpc creative session,2025-11-06 08:30:00,emoji_aliases.🥁,social,🥁Hobbies
5899BDA7-F235-47DA-87A1-08ECBD582D97,"review bills, plan payment schedule, transfer money",2025-11-16 21:00:00,,unassigned,🌊FlowOs
1C8C8890-79A3-4CC7-8F41-3EFBA0015FA6,⚖️ weight gain meal,2025-11-16 22:30:00,health_wellness.exercise.outdoor walk,health,🌊FlowOs
00C90E7D-3365-4744-8681-74C080F30770,🐶 take out dogs,2025-11-17 08:00:00,personal_tasks.health_wellness,health,🌊FlowOs
99EE293F-62FD-4FED-AF09-12BB91FD14C6,🥤make smoothie,2025-11-17 08:30:00,personal_tasks.health_wellness.meal_planning,health,🌊FlowOs
78FFCA52-CBB7-4348-82F7-2643E58851C8,dinner,2025-11-17 17:00:00,health_wellness.meal_planning.prep meals,prep_and_maintenance,🌊FlowOs
77CA873B-839D-41F5-8D86-DFB2B1D79949,🧠💬🤖📝 brainstorm with chat gpt,2025-11-17 17:45:00,productivity_management.scheduling.review weekly schedule,review_and_planning,🌊FlowOs
5F7A4AA3-740A-463B-A721-71BE0C22480E,🥤make smoothie,2025-11-17 19:00:00,personal_tasks.health_wellness.meal_planning,health,🌊FlowOs
C4D0F6AC-F89E-497D-926B-9E7AC84AB3B7,🐶🧤,2025-11-17 20:00:00,personal_tasks.health_wellness,health,🌊FlowOs
8B2D64E1-FB62-4CB1-9327-DE137B581160,💊 take medicine,2025-11-18 19:15:00,emoji_aliases.💊,health,Mom
19367F5B-1EF5-4474-B839-80949C38DFE5,take out trash/recycling,2025-11-17 20:45:00,household_management.cleaning.kitchen.take out trash,prep_and_maintenance,🌊FlowOs
243A5448-71E0-407E-BBE5-D0E36D677D24,🧠💬🤖📝 brainstorm with chatgpt,2025-11-19 06:30:00,productivity_management.scheduling.review weekly schedule,review_and_planning,🌊FlowOs
EC25A399-F1CF-4B92-A04A-3CF9535161EE,🥤make smoothie,2025-11-19 08:00:00,personal_tasks.health_wellness.meal_planning,health,🌊FlowOs
5F47BBAF-0894-4114-A1A3-5DC7E2FB46AE,🐶 take out dogs,2025-11-19 08:30:00,personal_tasks.health_wellness,health,🌊FlowOs
D14B9BFA-8961-4D39-996D-4A8AC29F7FD6,make breakfast,2025-11-19 09:45:00,health_wellness.meal_planning.prep meals,prep_and_maintenance,🌊FlowOs
BA67C1D7-6A4A-491D-B5A1-FF9340C526E9,cut front grass,2025-11-19 10:00:00,health_wellness.personal_care.cut nails,errands,🌊FlowOs
D84D3C76-671C-40E7-8738-BEA7CA1B5C7D,🙆🏽‍♂️ precor stretch circuit,2025-11-19 10:45:00,health_wellness.exercise.outdoor walk,health,🌊FlowOs
4690CED3-A0E3-4432-893F-0F77DD276C80,🐶take out dogs,2025-11-19 15:30:00,personal_tasks.health_wellness,health,🌊FlowOs
2332C98F-C777-432A-8ED5-62404401A69D,Pay Cell Phone,Error: signed integer is greater than maximum,financial_management.bill_payments.pay water,administrative,🌊FlowOs
92931629-3E86-40D4-AD3C-2CA2D39A471E,Pay Water,Error: signed integer is greater than maximum,financial_management.bill_payments.pay water,administrative,🌊FlowOs
8ADB7BDC-EDDC-4A0B-89D5-5EE0A1C06E36,🥡🍔,2025-12-12 14:00:00,health_wellness.meal_planning.prep meals,prep_and_maintenance,🌊FlowOs
C20FC809-8DFF-48F1-9510-D0CBF63940FD,Pay Car Insurance $302.73 this month,2025-11-22 09:30:00,financial_management.bill_payments.pay water,administrative,🌊FlowOs
51026E95-C7BC-4B39-9BD2-345F218E0F04,Pay Internet,Error: signed integer is greater than maximum,dynamic_tasks.errands_logistics,errands,🌊FlowOs
FF1EEFE6-232C-401F-A648-29F32721FC6C,Pay Flood Insurance,Error: signed integer is greater than maximum,dynamic_tasks.errands_logistics,errands,🌊FlowOs
13B7A57E-9EF8-41A7-AECE-836E353A0A0B,Pay Sunbiz Renewal,Error: signed integer is greater than maximum,financial_management.bill_payments.sunbiz renewal,administrative,🌊FlowOs
E3CC59EA-4187-442D-9F18-943451A5EBF9,Pay Trailer registration,Error: signed integer is greater than maximum,dynamic_tasks.errands_logistics,errands,🌊FlowOs
8A79BD71-BC12-4806-B5AA-0202476409CF,Pay Trailer registration,Error: signed integer is greater than maximum,dynamic_tasks.errands_logistics,errands,🌊FlowOs
9158C3BA-DC74-40F6-9D69-868C7F2885DD,Pay Truck registration,Error: signed integer is greater than maximum,financial_management.bill_payments.truck,administrative,🌊FlowOs
E9B61877-964F-455F-8882-7787CA2030E2,Pay Trailer registration,Error: signed integer is greater than maximum,dynamic_tasks.errands_logistics,errands,🌊FlowOs
DCFC246B-B5D6-41C9-AF2F-C5F0FC76AA3D,Pay Truck registration,Error: signed integer is greater than maximum,financial_management.bill_payments.truck,administrative,🌊FlowOs
00AD259C-2CEC-4FF9-9990-C8623C057932,"Guitar Center, swap mpc",2025-11-11 11:00:00,dynamic_tasks.errands_logistics,errands,🤖Nova
DDC61F6A-AC28-4CA0-99D5-0DEEDD580ECC,Return GoPro,Error: signed integer is greater than maximum,dynamic_tasks.errands_logistics,errands,🤖Nova
1A9EFAD2-E1F1-42E9-A5C7-AA2296170E1C,clean shower,2025-10-18 16:30:00,household_management.cleaning.bedroom.clean room,errands,🌊FlowOs
AC708E15-C3D2-45CE-8036-A63E5840CA8C,clean toilet,2025-10-16 17:30:00,household_management.cleaning.bathroom.clean toilet,prep_and_maintenance,🌊FlowOs
B2E4B828-C533-4DAF-A7A8-DA595C9F91BD,☑️project review,2025-11-10 06:30:00,health_wellness.exercise.outdoor walk,health,🌊FlowOs
