id,title,due,tag,zone,list,synthetic
C07EEB43-3021-4BC8-8B44-F6CBEA64BCA3,30 pushups/60 squats/1 min wall sits,2025-09-18 14:00:00,health_wellness.exercise.strength training,health,FlowOs,
AC708E15-C3D2-45CE-8036-A63E5840CA8C,clean toilet,2025-10-16 17:30:00,household_management.cleaning.bathroom.clean toilet,prep_and_maintenance,🌊FlowOs,
1A9EFAD2-E1F1-42E9-A5C7-AA2296170E1C,clean shower,2025-11-15 16:30:00,household_management.cleaning.bedroom.clean room,errands,🌊FlowOs,
27C97D29-6FFD-4EB1-AC98-612D972DABEB,cook,2025-09-25 18:00:00,health_wellness.meal_planning.prep meals,prep_and_maintenance,FlowOs,
69191DB1-FB46-4DF3-B886-FBD6D5055869,dinner,2025-09-25 18:30:00,health_wellness.meal_planning.prep meals,prep_and_maintenance,FlowOs,
59E23B7D-F921-44FC-A39F-2422DA95F29B,🧠💬🤖📝 brainstorm with chatgpt,2025-09-25 22:30:00,productivity_management.scheduling.review weekly schedule,review_and_planning,FlowOs,
0CF1623B-354A-4D0E-B7BF-9B913416A52A,💤 sleep,2025-09-25 23:55:00,emoji_aliases.💤,rest_and_recharge,FlowOs,
B30767D2-4D59-4E06-B01D-C2606A990687,🐶,2025-08-08 08:00:00,personal_tasks.health_wellness,health,FlowOs,
9228F68A-F15F-4C6C-83AE-2D0206B5596D,🧠💬🤖📝 brainstorm with chatgpt,2025-09-26 08:30:00,productivity_management.scheduling.review weekly schedule,review_and_planning,FlowOs,
FA67082C-187C-49F4-845B-5B25E1822D18,☀️🚶🏽‍♂️🚶🏻‍♀️🥤 neighborhood walk/make smoothies,2025-09-26 09:30:00,health_wellness.exercise.outdoor walk,health,FlowOs,
B00D259D-E640-4EFE-8E86-19E951E8109A,📝move each note to its relevant folder,2025-09-26 09:00:00,,unassigned,FlowOs,
109E70AF-B099-4D38-9B99-8FF69F1C0E00,🚿,2025-09-26 15:30:00,emoji_aliases.🐶,health,FlowOs,
52EEAF2A-B36B-4CF6-B6E2-46DBF3EA3C27,youtube/massage chair,2025-09-25 23:45:00,health_wellness.relaxation.youtubemassage chair,errands,FlowOs,
4E6DC6DA-C865-4FFB-ACDE-56390D63C1E6,🎶🧹🎸 jam out session,2025-09-26 16:00:00,dynamic_tasks.errands_logistics,errands,FlowOs,
6A9F5F0E-BAD1-45EB-9C6C-B297FFE639E5,💤 sleep,2025-09-27 00:30:00,emoji_aliases.💤,rest_and_recharge,FlowOs,
E612FF2E-3AE0-41C0-BC37-CA26398E9130,🐶🧹,2025-08-02 09:00:00,personal_tasks.health_wellness,health,FlowOs,
03186DBE-A435-4C36-8306-3A4C28CE0F75,cook,2025-09-13 10:30:00,health_wellness.meal_planning.prep meals,prep_and_maintenance,FlowOs,
976DB47D-B6FB-46EF-9DB9-1C8320699026,☑️review incomplete reminders (today list),2025-09-27 12:00:00,,unassigned,FlowOs,
CCC479EE-4722-4C97-80CC-DCFCC9AD8850,📝review note organizer 3 day/weekly digest summary,2025-09-27 12:30:00,,unassigned,FlowOs,
A4E2F376-FB3E-4847-9DE2-AC56B35E89E0,sync notes to notion,2025-09-27 16:30:00,dynamic_tasks.errands_logistics,errands,FlowOs,
E4473A8D-2995-46E7-8E59-ABE5E9D44C7C,youtube/massage chair,2025-09-27 23:00:00,health_wellness.relaxation.youtubemassage chair,errands,FlowOs,
8EB6B203-278A-49E2-A076-A1D7AF7BD3E0,🙆🏽‍♂️🧘🏽‍♂️,2025-09-27 09:30:00,health_wellness.exercise.outdoor walk,health,FlowOs,
787A9593-D6D0-4D96-B22D-3B07462460B0,🃏play cards,2025-11-22 17:30:00,personal_tasks.social_wellness.fun,social,Mom,
D9D6051D-87BB-4AFA-B0D4-899CAD057A6B,cook,2025-09-13 18:00:00,health_wellness.meal_planning.prep meals,prep_and_maintenance,FlowOs,
BF598718-4B77-471F-8344-860660098090,dinner,2025-09-27 19:00:00,health_wellness.meal_planning.prep meals,prep_and_maintenance,FlowOs,
DBB457C5-74B3-4F56-AF97-FD16833C98C1,🧠💬🤖📝 brainstorm with chatgpt,2025-09-13 19:00:00,productivity_management.scheduling.review weekly schedule,review_and_planning,FlowOs,
111DBDF0-D948-4F2A-B7D7-9A59A1C4BA8D,🥁 mpc session,2025-09-27 14:45:00,emoji_aliases.🥁,social,FlowOs,
8606344B-60CD-4CE7-B529-F76589E9DDFF,💤,2025-08-02 23:15:00,emoji_aliases.🐶,health,FlowOs,
D691B4F5-3F5E-4F5F-845C-35DF22262F4B,💤 sleep,2025-09-28 00:00:00,emoji_aliases.💤,rest_and_recharge,FlowOs,
CFBB06CB-F6D4-417C-AF4B-B560B0FEE879,sync notes to notion,2025-09-28 05:00:00,dynamic_tasks.errands_logistics,errands,FlowOs,
273D23F2-B9B0-4891-A47E-CC25C9829A71,coding,2025-09-28 06:00:00,productivity_management.research.perform research task,creation_and_project,FlowOs,
3A3A62C7-C9EF-4DA7-8000-095FFB8CC692,cook,2025-09-28 10:30:00,health_wellness.meal_planning.prep meals,prep_and_maintenance,FlowOs,
14F4403D-4939-47CA-9288-11576167074B,dinner,2025-09-28 18:15:00,health_wellness.meal_planning.prep meals,prep_and_maintenance,FlowOs,
53705C0A-7B1F-444D-82F8-16141C023DC0,clean room,2025-09-28 14:40:00,household_management.cleaning.bedroom.clean room,errands,FlowOs,
85648649-FA3E-4233-A198-BC401D57A513,plan,2025-09-07 21:00:00,productivity_management.scheduling.plan,errands,FlowOs,
B5643FD2-78DA-49B1-8085-37A03D1E68C1,💤,2025-09-28 23:30:00,emoji_aliases.🐶,health,FlowOs,
64FCDC11-644D-4329-9020-BDED0D609FE3,🐶 take out dogs,2025-10-06 08:00:00,personal_tasks.health_wellness,health,FlowOs,
0C9D322A-B1F0-4646-8303-A0C84A598F1F,dinner,2025-09-22 17:00:00,health_wellness.meal_planning.prep meals,prep_and_maintenance,FlowOs,
D7BBA8A1-9685-4A33-95CE-04B77B1FA0A4,🚿 shower,2025-09-29 15:00:00,emoji_aliases.🚿,health,FlowOs,
4B3CF4A6-F0F7-4A41-AE72-3165B5E6307E,💤,2025-09-29 23:45:00,emoji_aliases.🐶,health,FlowOs,
0725016F-4DB9-4212-A369-137B610A27F2,cut front grass,2025-09-23 17:00:00,health_wellness.personal_care.cut nails,errands,FlowOs,
B78B7DB3-45A7-4B98-B8C5-E4886DE957A9,🧠🔁 weekly reset,2025-09-24 18:00:00,dynamic_tasks.errands_logistics,errands,FlowOs,
8FDD26A5-E3B6-48EE-B9C1-8E1BBFA24AA2,🟢coding (🧬jenquin),2025-09-24 18:00:00,productivity_management.research.perform research task,creation_and_project,FlowOs,
A6C9CCF9-35FF-463B-9970-FF20BFB6FCF0,Make Juice  🍋🍊,2025-08-03 09:30:00,dynamic_tasks.errands_logistics,errands,FlowOs,
D2B1F6BD-2AC5-4FE9-BEB1-FE12260FBBFA,🥡🍔,2025-10-12 14:00:00,health_wellness.meal_planning.prep meals,prep_and_maintenance,FlowOs,
F301731E-6C9F-4DC4-9126-65D324A9C5D7,dinner,2025-09-30 18:30:00,health_wellness.meal_planning.prep meals,prep_and_maintenance,FlowOs,
8B2D64E1-FB62-4CB1-9327-DE137B581160,💊 take medicine,2025-11-18 19:15:00,emoji_aliases.💊,health,Mom,
45089B3B-2A82-4826-A0A7-9272AEF3BC4A,🥁 mpc session,2025-09-23 20:15:00,emoji_aliases.🥁,social,FlowOs,
E218123B-DD8E-408A-A237-E7BB7AB8F9D2,🚿 shower,2025-09-30 19:00:00,emoji_aliases.🚿,health,FlowOs,
7D30B3DE-BD0D-4A59-BDE6-E031C4D8E7D7,🍯 make sugar water,2025-10-02 13:30:00,dynamic_tasks.errands_logistics,errands,FlowOs,
3DFFF107-DCC6-4693-AEEF-E023AFB0FF61,🧠💬🤖📝 brainstorm with chatgpt,2025-09-24 06:30:00,productivity_management.scheduling.review weekly schedule,review_and_planning,FlowOs,
66E35D34-5B57-4892-88C7-11785584C44D,🐶 take out dogs,2025-09-24 08:30:00,personal_tasks.health_wellness,health,FlowOs,
DAACE7E1-302C-4C22-816C-B9B604EC6995,🩺mom rehab,2025-11-16 10:30:00,emoji_aliases.🩺,health,Mom,
D2576AEB-1862-4412-B3AA-11064C2E2BAB,Cut Nails,2025-08-06 17:00:00,health_wellness.personal_care.cut nails,errands,FlowOs,
63190F85-56AB-4E9C-854B-D9A24F0F5C5E,update facebook marketplace,2025-09-25 11:30:00,productivity_management.data_entry.update facebook marketplace,errands,FlowOs,
6235738B-DEBD-4017-B51A-75B7C1BF7BF9,weekly coding review,2025-09-25 12:00:00,productivity_management.scheduling.weekly coding review,errands,FlowOs,
BD2DD20F-4F6B-4736-9F03-AFE60C4E5D30,🩺,2025-07-31 00:15:00,emoji_aliases.🐶,health,FlowOs,
B751A5D5-1585-49D9-A0A3-FC69BC037A4A,🐶 take out dogs,2025-09-24 22:15:00,personal_tasks.health_wellness,health,FlowOs,
F3E50ACD-F869-4700-B322-1052AC0856FF,🙆🏽‍♂️🧘🏽‍♂️,2025-09-25 16:00:00,health_wellness.exercise.outdoor walk,health,FlowOs,
4A9EEED8-ECE5-4601-A425-A4E54191F07F,Clean Kitchen,2025-07-31 17:00:00,household_management.cleaning.bedroom.clean room,errands,FlowOs,
DEF21AB9-D234-4036-9C8C-31F3A37AB092,Clean Kitchen,2025-08-07 17:00:00,household_management.cleaning.bedroom.clean room,errands,FlowOs,
8F4BBB21-D265-4DF9-B76D-EFC858B487DA,organize  📆,2025-09-25 12:30:00,productivity_management.scheduling.adjust daily plan,administrative,FlowOs,
FFC07617-CEC7-4A50-B23E-589A6E4F608A,💈cut hair,2025-09-21 15:30:00,emoji_aliases.💈,health,FlowOs,
21030DD5-4128-446E-A2B5-EAB33B8AB73B,cut front grass,2025-09-19 17:00:00,health_wellness.personal_care.cut nails,errands,FlowOs,
AD96F0B5-4DE1-45E0-B4FD-621DCEE3F426,🥁 mpc session,2025-09-22 19:30:00,emoji_aliases.🥁,social,FlowOs,
015026ED-EF5F-4B03-B20B-B4738CE60FFC,🥤make smoothie,2025-09-29 19:00:00,personal_tasks.health_wellness.meal_planning,health,FlowOs,
30B0116B-7321-49CD-93B2-31740ACD21EC,🥁,2025-09-28 19:00:00,emoji_aliases.🐶,health,FlowOs,
B827F54E-DE6B-42F3-B3A7-36683F4ED7CC,Chill/Social,2025-09-30 04:15:00,social_wellness.fun.chillsocial,errands,FlowOs,
7A022F53-6CA2-41E1-A34C-0C3E37304EF5,🪴,2025-08-02 07:30:00,emoji_aliases.🐶,health,FlowOs,
247E8F51-E607-4AFC-BF1D-8BD407B98ED4,🥤,2025-08-04 08:00:00,emoji_aliases.🐶,health,FlowOs,
28DA8568-A8C9-4C22-8953-E26B797990E1,🥤,2025-08-05 08:00:00,emoji_aliases.🐶,health,FlowOs,
734D86D1-5673-486F-815A-551AB2503576,🥤make smoothie,2025-09-24 08:00:00,personal_tasks.health_wellness.meal_planning,health,FlowOs,
2E9B57E9-CD28-425E-932C-0C1D0128CC3A,🐶🍗 feed dogs,2025-09-24 11:15:00,household_management.pet_care.feed dogs,prep_and_maintenance,FlowOs,
B9012246-7DE5-48D7-A393-2BF8E8F05928,💰lolli daily stack,2025-09-24 10:00:00,financial_management.savings_investments.lolli daily stack,errands,FlowOs,
CBBEAF83-8268-4B81-A544-A42221E3C6ED,🙆🏽‍♂️ precor stretch circuit,2025-09-23 09:30:00,health_wellness.exercise.outdoor walk,health,FlowOs,
82694CFA-D7E7-4B5C-9B29-EEF5AF06425F,lunch,2025-09-23 15:00:00,health_wellness.meal_planning.prep meals,prep_and_maintenance,FlowOs,
26B3BCF8-8A9E-420B-A5E2-15B588469F31,🃏play cards,2025-09-30 13:30:00,personal_tasks.social_wellness.fun,social,FlowOs,
299F66C9-CEF3-4E08-8B7E-7A06FB17082B,🐶 take out dogs,2025-09-23 15:00:00,personal_tasks.health_wellness,health,FlowOs,
AB468029-0B47-4288-B336-59913D5478FF,cut side grass,2025-09-02 17:00:00,health_wellness.personal_care.cut nails,errands,FlowOs,
3FF82F01-7705-4B56-9816-8662FBC590A6,Clean Kitchen,2025-08-05 14:30:00,household_management.cleaning.bedroom.clean room,errands,FlowOs,
99AC95DB-C906-4033-8C42-A2C114EF6897,🩺 hypervice calve,2025-09-24 11:00:00,emoji_aliases.🩺,health,FlowOs,
5218B6D9-7516-41FA-AED3-159688322436,Migrate other half of kwenta,Error: signed integer is greater than maximum,dynamic_tasks.errands_logistics,errands,FlowOs,
936803A9-F6A6-49E4-8C8C-81D6BF842A00,🧠💬🤖📝,2025-08-05 09:00:00,productivity_management.scheduling.review weekly schedule,review_and_planning,FlowOs,
23D2638F-BD8B-4D7E-983A-891C5C2B604D,take out trash/recycling,2025-09-22 20:45:00,household_management.cleaning.kitchen.take out trash,prep_and_maintenance,FlowOs,
411A33FD-B48F-4327-849A-46AF75F6E28B,🐶🧤,2025-09-22 20:00:00,personal_tasks.health_wellness,health,FlowOs,
760AF116-E6CB-4889-AE61-E274E3B6EC1D,40 Pushups/80 Squats/Gyro Ball,2025-08-25 21:30:00,health_wellness.exercise.strength training,health,FlowOs,
7FFBEB48-0356-4ABD-8A7C-C94F3D7B9AD9,🧺 wash clothes,2025-09-28 11:35:00,emoji_aliases.🧺,prep_and_maintenance,FlowOs,
1F031CB4-DC49-47AF-BC78-8073E8640C4A,🧺 dry clothes,2025-09-28 12:00:00,emoji_aliases.🧺,prep_and_maintenance,FlowOs,
8F1894D4-8038-437A-8E92-31A157EE9770,📬 review mail,2025-09-24 14:30:00,emoji_aliases.📬,administrative,FlowOs,
37B00AB7-DC6B-438B-AC7A-1A5ACE60B733,🧠💬🤖📝,2025-09-29 17:45:00,productivity_management.scheduling.review weekly schedule,review_and_planning,FlowOs,
559D9D06-66F2-4453-85D0-D1FBFE44AC40,🧺 fold clothes,2025-09-28 14:30:00,emoji_aliases.🧺,prep_and_maintenance,FlowOs,
263362AD-83EB-4E8F-ADC6-0BA7F4B3FA8C,🥤make smoothie,2025-09-25 10:30:00,personal_tasks.health_wellness.meal_planning,health,FlowOs,
B8B55242-F7F3-439E-9EA1-770BCEFD8E05,Truck,Error: signed integer is greater than maximum,financial_management.bill_payments.truck,administrative,Bills,
25BB98EE-D0E2-4B9D-93C3-78AC95F994E5,Mom Ambetter Due,Error: signed integer is greater than maximum,financial_management.bill_payments.ambetter,administrative,Bills,
89FC4593-9A89-4976-8508-D3F6F746BB5D,Pay Electric,Error: signed integer is greater than maximum,financial_management.bill_payments.pay water,administrative,Bills,
FC1601B6-97D5-4C29-B7D6-1AC9F78BD966,"Pay Car Insurance, will cancel, pay by 19th",Error: signed integer is greater than maximum,financial_management.bill_payments.pay water,administrative,Bills,
F6C600CC-D8BF-43CD-BD6F-3761445BDFFB,Pay Mortgage,Error: signed integer is greater than maximum,financial_management.bill_payments.pay water,administrative,Bills,
82EC5425-6120-4763-A4E4-E5AB72970E33,Pay Cell Phone,Error: signed integer is greater than maximum,financial_management.bill_payments.pay water,administrative,Bills,
BA699CF5-D8B2-4948-9267-8EC710DC77FD,Pay Water,Error: signed integer is greater than maximum,financial_management.bill_payments.pay water,administrative,Bills,
8688CA71-A3B7-44CD-8EB1-928B12D61635,Property Insuance Due,Error: signed integer is greater than maximum,financial_management.bill_payments.property insuance due,administrative,Bills,
07C8E1BA-6DFE-4684-967E-8A24E4E8643D,Sunbiz Renewal,Error: signed integer is greater than maximum,financial_management.bill_payments.sunbiz renewal,administrative,Bills,
FC0CC09B-E316-482B-B5D3-E041ACF2B492,"Pay TECO bill $316.84 Past Due, $619.40 Total",Error: signed integer is greater than maximum,dynamic_tasks.errands_logistics,errands,Bills,
6191DDB6-165E-44FA-8B6A-D289AF287ED8,Pay Mortgage,Error: signed integer is greater than maximum,financial_management.bill_payments.pay water,administrative,Bills,
F43814A9-09CA-4944-9F6A-342DA5CD2E9B,Tractor Supply -Garbage disposal/outdoor soil,2025-07-31 15:00:00,dynamic_tasks.errands_logistics,errands,FlowOs,
F22CA951-FB13-4E3A-AF5A-F40DBCD129D8,🙆🏽‍♂️🧘🏽‍♂️stretch/yoga,2025-09-24 09:30:00,health_wellness.exercise.morning stretch,health,FlowOs,
3D332BBD-3871-4EA1-BE0F-2E5A7EFEB43C,cut nails,2025-09-10 17:00:00,health_wellness.personal_care.cut nails,errands,FlowOs,
3FCA1F53-63A1-40B4-AA18-F0F96109DD84,🪴 water plants,2025-09-24 07:30:00,productivity_management.scheduling.plan,errands,FlowOs,
3FCA1F53-63A1-40B4-AA18-F0F96109DD84_synthetic_20251115,🪴 water plants,2025-11-15 07:30:00,productivity_management.scheduling.plan,errands,FlowOs,True
44FDCAF5-1BAB-44FD-A3CE-5CEFFE3C76BE,Trailer registration,Error: signed integer is greater than maximum,dynamic_tasks.errands_logistics,errands,Bills,
F8A5DA93-B96B-4D76-91DC-0DD6CAC1605D,Pay Internet,Error: signed integer is greater than maximum,dynamic_tasks.errands_logistics,errands,Bills,
5BFC0B33-06EF-428A-BCBC-3AC552A0E30B,🍞Make Bread,2025-09-28 16:30:00,dynamic_tasks.errands_logistics,errands,FlowOs,
33AA53F2-02FD-44D0-B778-847BC4C55A07,🥜make peanut butter,2025-09-28 16:00:00,dynamic_tasks.errands_logistics,errands,FlowOs,
47D1759A-37F8-44BA-9A37-75DDB1A967CA,Gather,2025-09-10 15:00:00,dynamic_tasks.errands_logistics,errands,Nova,
884A7BA3-4F18-4904-AFD2-E4821499EBEC,🥤make smoothie,2025-09-30 08:00:00,personal_tasks.health_wellness.meal_planning,health,FlowOs,
6005FFEB-A4B6-4EA7-B166-E3713E2F28E2,🐶 take out dogs,2025-09-30 09:00:00,personal_tasks.health_wellness,health,FlowOs,
161454B8-6852-46D3-8BE3-5E6761DC4323,🧠💬🤖📝 brainstorm with chatgpt,2025-09-30 10:30:00,productivity_management.scheduling.review weekly schedule,review_and_planning,FlowOs,
7F2E6A45-498B-4BD4-9E54-316BCDF4B861,🛒grocery shop,2025-09-29 11:00:00,dynamic_tasks.errands_logistics,errands,FlowOs,
FD9A9C3E-6D52-4477-84BC-A57416242C21,coding,2025-09-24 06:00:00,productivity_management.research.perform research task,creation_and_project,FlowOs,
1012F574-6D68-4A35-840A-7AF334F3B026,Mortgage assistance application due,Error: signed integer is greater than maximum,dynamic_tasks.errands_logistics,errands,🤖Nova,
20EB2096-D2C0-47EA-A91D-55A75E402C80,🐶take out dogs,2025-09-24 15:30:00,personal_tasks.health_wellness,health,FlowOs,
1283984C-D42C-4999-8585-5B6317A914A0,🩺 hypervice knee,2025-09-24 18:45:00,emoji_aliases.🩺,health,FlowOs,
68DF1CB6-92CC-4154-A834-4FD601213946,🧠💬🤖📝 brainstorm with chat gpt,2025-09-24 19:45:00,productivity_management.scheduling.review weekly schedule,review_and_planning,FlowOs,
C5B44B8D-6957-42DC-BB61-AB5AEC96126F,🐶 take out dogs,2025-09-11 10:00:00,personal_tasks.health_wellness,health,FlowOs,
216F8C28-FEC4-4F6A-8330-3E7162D78669,🐶 take out dogs,2025-09-25 15:00:00,personal_tasks.health_wellness,health,FlowOs,
F6819952-778E-450C-A402-71181E6BEA7A,clean fridge/compost,2025-09-25 17:00:00,dynamic_tasks.errands_logistics,errands,FlowOs,
104750C1-432E-4B9D-8EC9-10032F29AE23,🐶🧹vacuum dog room,2025-09-26 08:00:00,personal_tasks.health_wellness,health,FlowOs,
DD36293C-01FE-43AE-BE5D-759A72FF893B,🐶 take out dogs,2025-09-27 09:45:00,personal_tasks.health_wellness,health,FlowOs,
DBCE286A-793B-45FD-85D7-B5FA6F310F74,🟢coding (misc),2025-09-23 20:00:00,productivity_management.research.perform research task,creation_and_project,FlowOs,
F3777B4D-5478-455C-831F-8F28706AF3B4,📋project planner priority,Error: signed integer is greater than maximum,productivity_management.scheduling.plan,errands,FlowOs,
1DC6B3A8-BCB1-4CB3-A859-99051733DC4A,🟢coding (🧩life_organizer),Error: signed integer is greater than maximum,productivity_management.scheduling.adjust daily plan,administrative,FlowOs,
353BE96F-E0E9-4270-93C1-0FAD8645C704,🗂️ review chat gpt temp folder. move files to relevant folder (Projects A/Projects B/ Archive etc),2025-09-27 13:00:00,,unassigned,FlowOs,
2E305D96-2E16-478C-A358-2DA8E6B0BE32,🐶 🥕feed dogs,2025-09-28 11:00:00,household_management.pet_care.feed dogs,prep_and_maintenance,FlowOs,
B80713F4-1FB5-4582-8EB9-459A1B353275,🙆🏽‍♂️ precor stretch circuit,2025-09-28 11:45:00,health_wellness.exercise.outdoor walk,health,FlowOs,
B9D7D67E-A7CE-4940-8BE0-14AF52582709,⚖️ weight gain meal,2025-09-28 22:30:00,health_wellness.exercise.outdoor walk,health,FlowOs,
74D70F0A-0B0B-4884-A96B-824CFEA00A80,respond to facebook/ig/text messages,2025-09-29 07:30:00,dynamic_tasks.errands_logistics,errands,FlowOs,
FA8136A4-2A88-40BA-9F51-B4F0D28A7C03,🙆🏽‍♂️ precor stretch circuit,2025-09-29 08:00:00,health_wellness.exercise.outdoor walk,health,FlowOs,
FB250E18-983A-4AC7-BE71-2A97732D0BA6,🥤make smoothie,2025-09-29 08:30:00,personal_tasks.health_wellness.meal_planning,health,FlowOs,
835DDD57-721C-4A1F-BC92-C7B857F5E505,plan,2025-09-29 09:00:00,productivity_management.scheduling.plan,errands,FlowOs,
C1E0C9EC-8447-4E45-92F9-1A104B144CBE,🧘🏽‍♂️ yoga/breathwork/journaling,2025-09-29 09:30:00,health_wellness.exercise.morning stretch,health,FlowOs,
B5A98F3B-9C1E-4B3E-BE52-193D5C272E43,📝 Move each note to its relevant folder,2025-09-22 10:30:00,,unassigned,FlowOs,
93B8E6F5-9A42-4972-BA4A-D677C17972D3,🍉 make juice,2025-09-23 16:30:00,dynamic_tasks.errands_logistics,errands,FlowOs,
B2B473A2-6D95-4EA1-A0DD-DFF17E02BDBF,clean bathroom,2025-09-23 18:00:00,dynamic_tasks.errands_logistics,errands,FlowOs,
9EA0DFE8-AD3E-499F-9AF1-ED4812667C39,cut nails,2025-09-24 09:00:00,health_wellness.personal_care.cut nails,errands,FlowOs,
BF9384B1-7C17-449A-BC58-B40768C0F750,⚪️new project draft creations chat gpt,Error: signed integer is greater than maximum,health_wellness.exercise.outdoor walk,health,FlowOs,
7176900A-625F-4C20-9902-BA41F8EC897D,🐶 take out dogs,2025-09-25 09:00:00,personal_tasks.health_wellness,health,FlowOs,
E25D7C76-9791-4DDE-A6FE-37E218EBBED5,🥁🎤📸mpc creative session,2025-09-25 09:30:00,emoji_aliases.🥁,social,FlowOs,
7CF0A21B-8C18-491D-BC0E-829BFE2349AD,🪴 monthly plant day,2025-10-02 08:00:00,productivity_management.scheduling.plan,errands,FlowOs,
5DAA7734-45F5-4934-96B4-D29498D81272,Gather mortgage hardship,2025-08-25 13:00:00,dynamic_tasks.errands_logistics,errands,🤖Nova,
1C606648-3C8A-4A5D-A40F-8467CB1EB22C,Finish bank statement ledger,Error: signed integer is greater than maximum,dynamic_tasks.errands_logistics,errands,FlowOs,
1AF8D04F-7DDB-4307-91D6-42BB608236BE,🗂️ review chat gpt temp folder. move files to relevant folder (Projects A/Projects B/ Archive etc),2025-09-21 20:00:00,,unassigned,FlowOs,
1C020000-9E51-477F-98CC-2895035C7CE5,"📄 Start compiling hardship docs (✅bank statements, ☑️income proof, ☑️expenses)",2025-09-02 22:00:00,health_wellness.exercise.outdoor walk,health,FlowOs,
06EB3FC2-7102-498C-86AB-6EEC60907868,Last Day To Clear Mortgage (Mr Cooper) Default $2649.72,Error: signed integer is greater than maximum,dynamic_tasks.errands_logistics,errands,FlowOs,
8B810B8D-18DF-44B3-BA15-D7898745BE12,📤Email Mr Cooper,2025-09-04 14:00:00,dynamic_tasks.errands_logistics,errands,FlowOs,
245603FB-496F-4311-9941-A8460F2064D8,🪴weekly plant day,2025-09-16 06:00:00,productivity_management.scheduling.plan,errands,FlowOs,
F33BAC40-632C-464E-8D2D-E33E5F1F3F29,📤 Draft + fill out mortgage assistance application,2025-09-16 13:00:00,dynamic_tasks.errands_logistics,errands,FlowOs,
41BC7BD9-4496-41F8-A94D-84AABBA8E57A,clean fridge/microwave,2025-09-21 10:45:00,household_management.cleaning.kitchen.clean microwave,prep_and_maintenance,FlowOs,
977B4022-CCAD-47A7-821E-62BF5BABEE6E,💪🏽tonal/pushups,2025-09-21 13:45:00,health_wellness.exercise.strength training,health,FlowOs,
F191F0DD-77E2-4671-BD12-E3C49B1F19D6,plan,2025-09-21 21:00:00,productivity_management.scheduling.plan,errands,FlowOs,
5621F18F-3D72-4732-AC04-5E299D087B81,Pay Hoa,Error: signed integer is greater than maximum,dynamic_tasks.errands_logistics,errands,Bills,
5EC4E5FA-B97F-4040-9DA2-AF60A61A60D8,Property Tax Due,Error: signed integer is greater than maximum,dynamic_tasks.errands_logistics,errands,Bills,
5543DA37-DCB5-475B-ACB9-BCBDC80441D8,Flood Insurance Due,Error: signed integer is greater than maximum,dynamic_tasks.errands_logistics,errands,Bills,
5E8F6B90-4765-40FD-9E79-4A28C28967A8,Pay School Loan,Error: signed integer is greater than maximum,dynamic_tasks.errands_logistics,errands,Bills,
BA38FFB3-25C1-42B1-BA55-01BF1E592E6E,Pay Irs,Error: signed integer is greater than maximum,dynamic_tasks.errands_logistics,errands,Bills,
6F653C02-E4CB-4657-BBD2-7BDDD2A74F98,Pay Mom Guardian Dental,Error: signed integer is greater than maximum,dynamic_tasks.errands_logistics,errands,Bills,
6E4F5890-88DC-40FF-AED3-46012D68D21C,Pay Heloc,Error: signed integer is greater than maximum,dynamic_tasks.errands_logistics,errands,Bills,
DCBD74F3-1286-4F89-9B10-322EA53AB664,Irs Tax Deferment,Error: signed integer is greater than maximum,dynamic_tasks.errands_logistics,errands,Bills,
B35CB434-9650-416B-8B90-2FBCDB8BFDC0,Gather Food Stamp Docs Needed,Error: signed integer is greater than maximum,dynamic_tasks.errands_logistics,errands,🤖Nova,
7185A082-A7F9-415E-83A7-F4B192171B26,Gather Bankruptcy Docs Needed,Error: signed integer is greater than maximum,dynamic_tasks.errands_logistics,errands,Nova,
E4C85B05-6269-4C33-84BA-381B21A0A828,Pay Hoa,Error: signed integer is greater than maximum,dynamic_tasks.errands_logistics,errands,🌊FlowOs,
275CB0CB-D475-4D4F-B737-B69DFF91E00B,Pay Property Tax,Error: signed integer is greater than maximum,dynamic_tasks.errands_logistics,errands,🌊FlowOs,
002657B3-C927-46AF-A118-3430E55D1AB1,Pay School Loan,Error: signed integer is greater than maximum,dynamic_tasks.errands_logistics,errands,🌊FlowOs,
74F381A0-C075-49B9-87F4-20572643FAA6,Pay Irs,Error: signed integer is greater than maximum,dynamic_tasks.errands_logistics,errands,🌊FlowOs,
5CA7919A-8AF3-48C1-99D9-3600A188D07D,Pay Heloc,Error: signed integer is greater than maximum,dynamic_tasks.errands_logistics,errands,🌊FlowOs,
62892B50-2FDB-4D54-9714-D6EC34EA6430,Irs Tax Deferment,Error: signed integer is greater than maximum,dynamic_tasks.errands_logistics,errands,🌊FlowOs,
186A1553-A543-4E80-8308-785DECB79FC1,Pay Property Insuance,Error: signed integer is greater than maximum,dynamic_tasks.errands_logistics,errands,🌊FlowOs,
9D46AE8D-A917-4815-841D-10C1B6E95A47,Pay Mortgage,Error: signed integer is greater than maximum,financial_management.bill_payments.pay water,administrative,🌊FlowOs,
4587AF8D-087E-4CED-83C9-1EBF4C303E0E,cut side grass,2025-09-02 17:00:00,health_wellness.personal_care.cut nails,errands,🌊FlowOs,
7190D6E6-65F6-4A7C-92D6-D26728492160,"📄 Start compiling hardship docs (✅bank statements, ☑️income proof, ☑️expenses)",2025-09-02 22:00:00,health_wellness.exercise.outdoor walk,health,🌊FlowOs,
DD38CC79-FD77-49F3-BB98-A56F9779649B,Finish bank statement ledger,Error: signed integer is greater than maximum,dynamic_tasks.errands_logistics,errands,🌊FlowOs,
3C9708BC-FF00-4AC0-A909-CDCA6D1F5A22,Last Day To Clear Mortgage (Mr Cooper) Default $2649.72,Error: signed integer is greater than maximum,dynamic_tasks.errands_logistics,errands,🌊FlowOs,
2F431104-66F2-467F-8EF3-DA6119D33ED8,📤Email Mr Cooper,2025-09-04 14:00:00,dynamic_tasks.errands_logistics,errands,🌊FlowOs,
ECF7C740-9621-4209-9A00-3A494EF3323D,📤 Draft + fill out mortgage assistance application,2025-09-16 13:00:00,dynamic_tasks.errands_logistics,errands,🌊FlowOs,
355DF1DE-DC9A-4ECF-8968-7FC21C862565,Migrate other half of kwenta,Error: signed integer is greater than maximum,dynamic_tasks.errands_logistics,errands,🌊FlowOs,
26481C5E-F12E-40F6-BDED-415E71FC3FC0,30 pushups/60 squats/1 min wall sits,2025-09-18 14:00:00,health_wellness.exercise.strength training,health,🌊FlowOs,
571038A5-07EE-4AA8-A734-4064DCB3DA3D,💪🏽tonal/pushups,2025-09-21 13:45:00,health_wellness.exercise.strength training,health,🌊FlowOs,
B78E7FE5-6F36-4FE2-8F2D-CB777CF9A232,40 Pushups/80 Squats/Gyro Ball,2025-10-13 21:30:00,health_wellness.exercise.strength training,health,🌊FlowOs,
F09137EA-51F0-49FC-9CE6-E2E8891283F1,💰lolli daily stack,2025-10-15 10:00:00,financial_management.savings_investments.lolli daily stack,errands,🌊FlowOs,
6B5A2902-E623-4F44-A72B-5089F178CA1E,🍯 make sugar water,2025-11-27 13:30:00,dynamic_tasks.errands_logistics,errands,🌊FlowOs,
24BB8FBA-94A1-426A-B26F-65F94D2B6806,https://www.aipapathways.com,2025-10-16 21:00:00,dynamic_tasks.errands_logistics,errands,🌊FlowOs,
458A6FFF-18B7-4282-A275-EEB599B738DB,Pay Electric,Error: signed integer is greater than maximum,financial_management.bill_payments.pay water,administrative,🌊FlowOs,
0D257B9F-CAD0-422E-879D-84773E4C822A,Order Amazon items,2025-10-17 09:30:00,dynamic_tasks.errands_logistics,errands,🌊FlowOs,
BB88B125-5D4B-4AB0-B589-1B91274BC228,📬 review mail,2025-11-05 14:30:00,emoji_aliases.📬,administrative,🌊FlowOs,
A7A5F373-2E5B-4F4E-834F-4B02A397C511,🩺 hypervice knee,2025-11-19 18:45:00,emoji_aliases.🩺,health,🌊FlowOs,
6BD353B1-79FD-4F52-906C-3E51057024D2,Sign up mom for PayPal debit,Error: signed integer is greater than maximum,dynamic_tasks.errands_logistics,errands,🤖Nova,
0C363AD5-2A24-4C21-8435-0FD79050FEA1,🙆🏽‍♂️ precor stretch circuit,2025-11-22 09:30:00,health_wellness.exercise.outdoor walk,health,🌊FlowOs,
BA8299E4-9B63-4265-A48B-846CD79BB9B8,sync notes to notion,2025-11-16 05:00:00,dynamic_tasks.errands_logistics,errands,🌊FlowOs,
A95CDDF4-DE0D-4214-8856-CFDA1133180D,massage chair energize,2025-11-09 08:00:00,dynamic_tasks.errands_logistics,errands,🌊FlowOs,
42341055-E94F-4667-8748-7BEB87153FC4,🧖🏽‍♂️spa shower,2025-10-26 09:00:00,health_wellness.exercise.outdoor walk,health,🌊FlowOs,
1BEB6CA2-668B-47B0-B462-36FBEF6A335B,🙆🏽‍♂️ precor stretch circuit,2025-11-16 11:45:00,health_wellness.exercise.outdoor walk,health,🌊FlowOs,
FD066BF7-D17D-439F-A030-5CF6073B9069,📝review note organizer weekly summary,2025-11-16 17:00:00,productivity_management.scheduling.adjust daily plan,administrative,🌊FlowOs,
B15C2A2F-4D93-4AD5-8676-AC200E0FFA84,📂review chat gpt temp folder.,2025-11-16 20:00:00,dynamic_tasks.errands_logistics,errands,🌊FlowOs,
76625579-C4B0-464B-83D2-72FE2AB3A8D6,💤,2025-11-16 23:30:00,emoji_aliases.🐶,health,🌊FlowOs,
3E8248D8-B813-42C4-8CA7-9F414A3875C6,respond to facebook/ig/text messages,2025-11-10 07:30:00,dynamic_tasks.errands_logistics,errands,🌊FlowOs,
434F7451-F288-41E3-B984-0BEE69CD2C9B,🙆🏽‍♂️ precor stretch circuit,2025-11-17 08:00:00,health_wellness.exercise.outdoor walk,health,🌊FlowOs,
FFFE384B-9A79-4E16-BE2E-6A55B143A217,☑️review overdue reminders(calendar zones),2025-11-17 09:00:00,,unassigned,🌊FlowOs,
E66C470E-E86E-4680-BF5F-7BF9AAB7CA3E,🙆🏽‍♂️ precor stretch circuit,2025-11-10 09:30:00,health_wellness.exercise.outdoor walk,health,🌊FlowOs,
53C1D784-C2AB-4964-AFC1-CD66041F0955,📝 move each note to its relevant folder,2025-11-17 10:30:00,,unassigned,🌊FlowOs,
4F814BB3-A84E-42D8-BA09-52CBAA664468,🚿 shower,2025-11-17 15:00:00,emoji_aliases.🚿,health,🌊FlowOs,
B9F90ECB-C8C0-4B57-9134-0127AD159F56,💤,2025-11-17 23:45:00,emoji_aliases.🐶,health,🌊FlowOs,
3DBAF78B-B8A5-4CBF-B3D8-0CFE53B9B951,Chill/Social,2025-11-11 04:15:00,social_wellness.fun.chillsocial,errands,🌊FlowOs,
E788BCC3-EBD1-4E7B-B364-2503F8628D19,🪴weekly plant day,2025-11-11 06:00:00,productivity_management.scheduling.plan,errands,🌊FlowOs,
07963C2A-339C-44D5-8D23-18DEEF005B39,🥤make smoothie,2025-11-18 08:00:00,personal_tasks.health_wellness.meal_planning,health,🌊FlowOs,
C1E17F50-5B8D-484F-993A-C24EBCE0BCC8,🐶 take out dogs,2025-11-18 09:00:00,personal_tasks.health_wellness,health,🌊FlowOs,
F60DEA59-C257-4DC9-9877-EEA100F19265,🙆🏽‍♂️ precor stretch circuit,2025-11-18 09:30:00,health_wellness.exercise.outdoor walk,health,🌊FlowOs,
D902E560-B7D1-4BCB-B2A3-F64A5543F5B6,🧠💬🤖📝 brainstorm with chatgpt,2025-11-18 10:30:00,productivity_management.scheduling.review weekly schedule,review_and_planning,🌊FlowOs,
A7AB8D54-8493-4941-A853-ADB9772927AD,🃏play cards,2025-11-18 13:30:00,personal_tasks.social_wellness.fun,social,🌊FlowOs,
FF33EA2C-E7F4-4D52-9477-EC877859DF76,move photos to relevant album,2025-10-28 14:15:00,dynamic_tasks.errands_logistics,errands,🌊FlowOs,
A7B92EB3-B952-4640-A8A2-70726FFE062F,🐶 take out dogs,2025-11-18 15:00:00,personal_tasks.health_wellness,health,🌊FlowOs,
EF10B412-F70F-419F-9393-D928F6CB3CBD,🍉 make juice,2025-11-18 16:30:00,dynamic_tasks.errands_logistics,errands,🌊FlowOs,
F777B328-F0BD-422A-9605-9A39A8680FCF,clean bathroom,2025-11-11 18:00:00,dynamic_tasks.errands_logistics,errands,🌊FlowOs,
7D99D582-9FC7-4A3C-AE6C-4E3C88DEC768,clean bathroom counter,2025-11-08 22:15:00,dynamic_tasks.errands_logistics,errands,🌊FlowOs,
8ABAD1F7-E1BF-4D8F-A138-F2F5576D4660,dinner,2025-11-18 18:30:00,health_wellness.meal_planning.prep meals,prep_and_maintenance,🌊FlowOs,
5F4110C9-D11A-4623-98F6-000C533E9DDA,🚿 shower,2025-11-11 19:00:00,emoji_aliases.🚿,health,🌊FlowOs,
E082FCC7-07A9-4A8B-B764-43912E5F8188,cut nails,2025-11-19 09:00:00,health_wellness.personal_care.cut nails,errands,🌊FlowOs,
DB5C8D0D-D703-489B-A4A8-3CF017A4ED95,🩺 hypervice calve,2025-11-19 10:45:00,emoji_aliases.🩺,health,🌊FlowOs,
298D123C-E4F5-4C16-88A7-B75D3B161EFB,📝 review note organizer 3-day summary,2025-11-05 18:00:00,,unassigned,🌊FlowOs,
F38AC120-CB81-4AD5-875F-94A5F5FA2A21,journal reflection,2025-11-19 19:45:00,dynamic_tasks.errands_logistics,errands,🌊FlowOs,
64BA93B6-5222-4A0A-8AC2-64CF7437E1A7,🐶 take out dogs,2025-11-19 22:15:00,personal_tasks.health_wellness,health,🌊FlowOs,
E0A31A68-3256-44FD-9C39-219EE072F448,💤,2025-11-19 23:30:00,emoji_aliases.🐶,health,🌊FlowOs,
274E6DCC-A4B1-4595-8B37-318448E24306,🪴 water plants,2025-11-16 07:30:00,productivity_management.scheduling.plan,errands,🌊FlowOs,
70F94158-E136-404D-A7A8-CF323AE3DDE1,massage chair,2025-11-20 08:00:00,dynamic_tasks.errands_logistics,errands,🌊FlowOs,
1B452F02-EAA4-4805-A730-B41DC35932D4,🐶 take out dogs,2025-11-20 09:00:00,personal_tasks.health_wellness,health,🌊FlowOs,
FCA9EF26-13A5-4EA9-BD64-2C151DEA6F22,💈cut hair/shower,2025-10-30 10:30:00,emoji_aliases.💈,health,🌊FlowOs,
44AD786F-B7CD-43C7-9EEB-80D7143C8CD8,🥤make smoothie,2025-11-20 10:30:00,personal_tasks.health_wellness.meal_planning,health,🌊FlowOs,
F12572FD-9C05-4277-8CF6-3213F4483B39,🐶🍗 feed dogs,2025-11-16 11:15:00,household_management.pet_care.feed dogs,prep_and_maintenance,🌊FlowOs,
60D1E01A-B4E6-4AB6-91DE-B9E33885382B,update facebook marketplace,2025-11-13 11:30:00,productivity_management.data_entry.update facebook marketplace,errands,🌊FlowOs,
224491C4-B75A-4FEF-AF0C-9E6C0CC83C82,☑️review overdue reminders(calendar zones),2025-11-20 12:30:00,,unassigned,🌊FlowOs,
925EB422-567B-4214-941C-0C81C4D37991,lunch,2025-11-16 15:00:00,health_wellness.meal_planning.prep meals,prep_and_maintenance,🌊FlowOs,
4620C9A2-FA36-4176-AF12-23DB0DC7A241,🐶 take out dogs,2025-11-20 15:00:00,personal_tasks.health_wellness,health,🌊FlowOs,
AD1FFA74-E03D-41B1-973A-4FE1FA510211,🧘🏽‍♂️ yoga/breathwork,2025-11-20 16:00:00,health_wellness.exercise.morning stretch,health,🌊FlowOs,
732F1935-885D-4277-A9A3-AC7C7E9E1F72,clean inside fridge/compost,2025-11-13 17:00:00,dynamic_tasks.errands_logistics,errands,🌊FlowOs,
B93D8C9A-A7B5-4EB1-BDA4-B4DDD59B6328,cook,2025-11-20 18:00:00,health_wellness.meal_planning.prep meals,prep_and_maintenance,🌊FlowOs,
D181442A-1A22-4775-A5B0-93D5E06DF86F,dinner,2025-11-20 18:30:00,health_wellness.meal_planning.prep meals,prep_and_maintenance,🌊FlowOs,
8D7CE0C0-8549-473B-A0EC-CAD073675D6C,🧠💬🤖📝 brainstorm with chatgpt,2025-11-20 22:30:00,productivity_management.scheduling.review weekly schedule,review_and_planning,🌊FlowOs,
EDA167DC-938F-4213-8708-8C9BE705931A,youtube/massage chair,2025-11-20 23:45:00,health_wellness.relaxation.youtubemassage chair,errands,🌊FlowOs,
B856A095-C92D-4A7D-BDDE-A005E676CF1E,💤 sleep,2025-11-20 23:55:00,emoji_aliases.💤,rest_and_recharge,🌊FlowOs,
021A8EA3-E6A7-4793-BCB8-5EADE9284277,🐶🧹vacuum dog room,2025-11-21 08:00:00,personal_tasks.health_wellness,health,🌊FlowOs,
B206B44B-6B87-40D6-ABC8-FBBF5256594B,🧠💬🤖📝 brainstorm with chatgpt,2025-11-21 08:30:00,productivity_management.scheduling.review weekly schedule,review_and_planning,🌊FlowOs,
0629BDA2-B8AF-42EF-BD24-355212865F55,📝move each note to its relevant folder,2025-11-21 09:00:00,,unassigned,🌊FlowOs,
0B819211-6B87-4E58-B962-F1C02F1B82B4,🥤make smoothies,2025-11-21 09:30:00,personal_tasks.health_wellness.meal_planning,health,🌊FlowOs,
92AE76FF-AC71-4B33-B7D3-C0FE2BF08033,🚿,2025-11-28 15:30:00,emoji_aliases.🐶,health,🌊FlowOs,
5FA5B5FA-B222-4556-B1F5-5315380B1905,🎶🧹🎸 jam out session,2025-11-21 16:00:00,dynamic_tasks.errands_logistics,errands,🌊FlowOs,
B118AD6D-3104-4317-AB95-4D771ADE094B,cut front grass,2025-11-19 17:00:00,health_wellness.personal_care.cut nails,errands,🌊FlowOs,
0481F54E-6550-47DA-A4EA-72CEC5B03A65,Mom Ambetter Due,Error: signed integer is greater than maximum,financial_management.bill_payments.ambetter,administrative,🌊FlowOs,
4A2D76CC-734F-4435-AF44-73B7CC8826AF,💤 sleep,2025-11-22 00:30:00,emoji_aliases.💤,rest_and_recharge,🌊FlowOs,
9D54E143-021D-47BF-8F24-9527EACD6CD1,🐶 take out dogs,2025-11-22 09:45:00,personal_tasks.health_wellness,health,🌊FlowOs,
B338276D-A80C-43B6-B912-D1D70C736899,flag overdue reminders,2025-11-22 12:00:00,,unassigned,🌊FlowOs,
F7D4A51A-E431-410F-9403-D9C8928B52F7,📂 review chat gpt temp folder,2025-11-15 13:00:00,dynamic_tasks.errands_logistics,errands,🌊FlowOs,
59703335-E686-45B7-BC39-17CF2738D4AB,🔋update energy focus plan,2025-11-22 18:00:00,productivity_management.scheduling.plan,errands,🌊FlowOs,
2EE75B35-25D7-4ACE-AB82-7CDA4080A646,dinner,2025-11-15 19:00:00,health_wellness.meal_planning.prep meals,prep_and_maintenance,🌊FlowOs,
2B161E64-1EAC-4660-B038-CF35D83953CD,massage chair,2025-11-15 23:00:00,dynamic_tasks.errands_logistics,errands,🌊FlowOs,
C4D6B51D-4D52-4105-B8D7-20A04FB0D467,💤 sleep,2025-11-16 00:00:00,emoji_aliases.💤,rest_and_recharge,🌊FlowOs,
FB9393D2-D0B5-4845-9D97-8EB6C14CCE4E,🪴 monthly plant day,2025-12-02 08:00:00,productivity_management.scheduling.plan,errands,🌊FlowOs,
0566D1E8-0D9C-4FAC-A377-D2FA22DD031D,🎯review monthly goals,2025-11-16 08:00:00,dynamic_tasks.errands_logistics,errands,🌊FlowOs,
AD1B6050-4FFB-49FC-9676-03BED7BF557B,read and take notes on [book title],2025-11-16 09:15:00,dynamic_tasks.errands_logistics,errands,🌊FlowOs,
F67DD7ED-1100-447C-8711-0FFAF7E37E27,🛒grocery shop,2025-11-20 14:00:00,dynamic_tasks.errands_logistics,errands,🌊FlowOs,
BA1BF385-35F5-4F86-9B35-B84C51D0A08B,cook,2025-11-16 10:30:00,health_wellness.meal_planning.prep meals,prep_and_maintenance,🌊FlowOs,
9CFB48C5-E3DE-469C-9862-93DA077074DC,clean fridge handles,2025-11-16 10:45:00,dynamic_tasks.errands_logistics,errands,🌊FlowOs,
146502CD-BD0B-4A10-B8C7-7BF20FBAACD2,clean microwave,2025-11-16 10:45:00,household_management.cleaning.kitchen.clean microwave,prep_and_maintenance,🌊FlowOs,
00082C7A-178A-4D3A-9353-A5D2919BDB2B,🐶 💊feed dogs,2025-11-16 11:00:00,household_management.pet_care.feed dogs,prep_and_maintenance,🌊FlowOs,
A1E0329F-05FB-47E1-AC5C-2E45A1909C4B,🧺 wash clothes,2025-11-16 11:35:00,emoji_aliases.🧺,prep_and_maintenance,🌊FlowOs,
DEDDDABF-7A98-462D-ADE1-46DF7E2EC0FC,🧺 dry clothes,2025-11-16 12:00:00,emoji_aliases.🧺,prep_and_maintenance,🌊FlowOs,
44F3AC12-9DC6-4F1A-B26F-42C41D2F7F7D,🧺 fold clothes,2025-11-09 14:30:00,emoji_aliases.🧺,prep_and_maintenance,🌊FlowOs,
4A91CB38-1E00-45AD-8EE2-2B8637B192A2,clean room,2025-11-09 14:40:00,household_management.cleaning.bedroom.clean room,errands,🌊FlowOs,
E84362E8-C75E-4167-80F4-DF2BABC0FE3D,dinner,2025-11-16 18:15:00,health_wellness.meal_planning.prep meals,prep_and_maintenance,🌊FlowOs,
5899BDA7-F235-47DA-87A1-08ECBD582D97,"review bills, plan payment schedule, transfer money",2025-11-16 21:00:00,,unassigned,🌊FlowOs,
1C8C8890-79A3-4CC7-8F41-3EFBA0015FA6,⚖️ weight gain meal,2025-11-16 22:30:00,health_wellness.exercise.outdoor walk,health,🌊FlowOs,
00C90E7D-3365-4744-8681-74C080F30770,🐶 take out dogs,2025-11-17 08:00:00,personal_tasks.health_wellness,health,🌊FlowOs,
99EE293F-62FD-4FED-AF09-12BB91FD14C6,🥤make smoothie,2025-11-17 08:30:00,personal_tasks.health_wellness.meal_planning,health,🌊FlowOs,
78FFCA52-CBB7-4348-82F7-2643E58851C8,dinner,2025-11-17 17:00:00,health_wellness.meal_planning.prep meals,prep_and_maintenance,🌊FlowOs,
77CA873B-839D-41F5-8D86-DFB2B1D79949,🧠💬🤖📝 brainstorm with chat gpt,2025-11-17 17:45:00,productivity_management.scheduling.review weekly schedule,review_and_planning,🌊FlowOs,
5F7A4AA3-740A-463B-A721-71BE0C22480E,🥤make smoothie,2025-11-17 19:00:00,personal_tasks.health_wellness.meal_planning,health,🌊FlowOs,
C4D0F6AC-F89E-497D-926B-9E7AC84AB3B7,🐶🧤,2025-11-17 20:00:00,personal_tasks.health_wellness,health,🌊FlowOs,
19367F5B-1EF5-4474-B839-80949C38DFE5,take out trash/recycling,2025-11-17 20:45:00,household_management.cleaning.kitchen.take out trash,prep_and_maintenance,🌊FlowOs,
243A5448-71E0-407E-BBE5-D0E36D677D24,🧠💬🤖📝 brainstorm with chatgpt,2025-11-19 06:30:00,productivity_management.scheduling.review weekly schedule,review_and_planning,🌊FlowOs,
EC25A399-F1CF-4B92-A04A-3CF9535161EE,🥤make smoothie,2025-11-19 08:00:00,personal_tasks.health_wellness.meal_planning,health,🌊FlowOs,
5F47BBAF-0894-4114-A1A3-5DC7E2FB46AE,🐶 take out dogs,2025-11-19 08:30:00,personal_tasks.health_wellness,health,🌊FlowOs,
D14B9BFA-8961-4D39-996D-4A8AC29F7FD6,make breakfast,2025-11-19 09:45:00,health_wellness.meal_planning.prep meals,prep_and_maintenance,🌊FlowOs,
BA67C1D7-6A4A-491D-B5A1-FF9340C526E9,cut front grass,2025-11-19 10:00:00,health_wellness.personal_care.cut nails,errands,🌊FlowOs,
D84D3C76-671C-40E7-8738-BEA7CA1B5C7D,🙆🏽‍♂️ precor stretch circuit,2025-11-19 10:45:00,health_wellness.exercise.outdoor walk,health,🌊FlowOs,
4690CED3-A0E3-4432-893F-0F77DD276C80,🐶take out dogs,2025-11-19 15:30:00,personal_tasks.health_wellness,health,🌊FlowOs,
2332C98F-C777-432A-8ED5-62404401A69D,Pay Cell Phone,Error: signed integer is greater than maximum,financial_management.bill_payments.pay water,administrative,🌊FlowOs,
92931629-3E86-40D4-AD3C-2CA2D39A471E,Pay Water,Error: signed integer is greater than maximum,financial_management.bill_payments.pay water,administrative,🌊FlowOs,
8ADB7BDC-EDDC-4A0B-89D5-5EE0A1C06E36,🥡🍔,2025-12-12 14:00:00,health_wellness.meal_planning.prep meals,prep_and_maintenance,🌊FlowOs,
C20FC809-8DFF-48F1-9510-D0CBF63940FD,Pay Car Insurance $302.73 this month,2025-11-22 09:30:00,financial_management.bill_payments.pay water,administrative,🌊FlowOs,
51026E95-C7BC-4B39-9BD2-345F218E0F04,Pay Internet,Error: signed integer is greater than maximum,dynamic_tasks.errands_logistics,errands,🌊FlowOs,
FF1EEFE6-232C-401F-A648-29F32721FC6C,Pay Flood Insurance,Error: signed integer is greater than maximum,dynamic_tasks.errands_logistics,errands,🌊FlowOs,
13B7A57E-9EF8-41A7-AECE-836E353A0A0B,Pay Sunbiz Renewal,Error: signed integer is greater than maximum,financial_management.bill_payments.sunbiz renewal,administrative,🌊FlowOs,
E3CC59EA-4187-442D-9F18-943451A5EBF9,Pay Trailer registration,Error: signed integer is greater than maximum,dynamic_tasks.errands_logistics,errands,🌊FlowOs,
8A79BD71-BC12-4806-B5AA-0202476409CF,Pay Trailer registration,Error: signed integer is greater than maximum,dynamic_tasks.errands_logistics,errands,🌊FlowOs,
9158C3BA-DC74-40F6-9D69-868C7F2885DD,Pay Truck registration,Error: signed integer is greater than maximum,financial_management.bill_payments.truck,administrative,🌊FlowOs,
E9B61877-964F-455F-8882-7787CA2030E2,Pay Trailer registration,Error: signed integer is greater than maximum,dynamic_tasks.errands_logistics,errands,🌊FlowOs,
DCFC246B-B5D6-41C9-AF2F-C5F0FC76AA3D,Pay Truck registration,Error: signed integer is greater than maximum,financial_management.bill_payments.truck,administrative,🌊FlowOs,
00AD259C-2CEC-4FF9-9990-C8623C057932,"Guitar Center, swap mpc",2025-11-11 11:00:00,dynamic_tasks.errands_logistics,errands,🤖Nova,
DDC61F6A-AC28-4CA0-99D5-0DEEDD580ECC,Return GoPro,Error: signed integer is greater than maximum,dynamic_tasks.errands_logistics,errands,🤖Nova,
B2E4B828-C533-4DAF-A7A8-DA595C9F91BD,☑️project review,2025-11-10 06:30:00,health_wellness.exercise.outdoor walk,health,🌊FlowOs,
DB83ABC7-ACF6-4D5A-BC07-5482623F995B,coding (📈 trading agent),2025-11-05 06:00:00,productivity_management.research.perform research task,creation_and_project,🟢Projects,
80596DD2-F8FB-4322-A27D-74000FDE2C94,weekly coding review,2025-10-23 12:00:00,productivity_management.scheduling.weekly coding review,errands,🟢Projects,
B4EBC67D-F8C5-4D8D-B41F-F1F7BAA1E8D2,🟢coding (🧬jenquin-frontend),2025-11-19 21:00:00,productivity_management.research.perform research task,creation_and_project,🟢Projects,
463F08AC-6C23-4975-BFE9-A8B4C0B35077,Call mortgage,2025-11-18 16:00:00,dynamic_tasks.errands_logistics,errands,🔋Weekly Focus,
1254B41F-A53B-45E9-89BE-DFAFBF98B49B,🔋Weekly Focus Review,2025-11-19 19:00:00,dynamic_tasks.errands_logistics,errands,🔋Weekly Focus,
9003F482-6BFD-4B97-A510-F64E9F60696B,🟢coding (🧬jenquin-backend),2025-10-19 18:00:00,productivity_management.research.perform research task,creation_and_project,🟢Projects,
3AB29E40-6BB4-469C-86CE-608700974122,🟢coding (📚life organizer),Error: signed integer is greater than maximum,productivity_management.scheduling.adjust daily plan,administrative,🟢Projects,
884B4A64-6990-4037-B68E-AB8D66FF72F1,🥁 mpc session,2025-11-22 14:45:00,emoji_aliases.🥁,social,🥁Hobbies,
12418A28-6ECE-4136-8F0B-989048A18B1B,🥁mpc session (make new beat),2025-11-09 19:00:00,emoji_aliases.🥁,social,🥁Hobbies,
CCA5861A-6EE1-4C38-AA1D-7A4DD4038844,🥁mpc session (make new beat),2025-11-16 19:00:00,emoji_aliases.🥁,social,🥁Hobbies,
38B65DF2-DE64-488D-B62D-6FE3D8A798B1,🥁 mpc session (midi record livekit3 to mpcx),2025-11-10 19:30:00,,unassigned,🥁Hobbies,
B69DBF8E-5AAF-45C6-8D49-0F3E855B1F99,🥁 mpc session (yoga flow/sample cuz ig raps),2025-10-28 20:15:00,health_wellness.exercise.morning stretch,health,🥁Hobbies,
BB680A0F-6B2A-477B-86A7-DAB423DC3B2F,🥁🎤📸mpc creative session,2025-11-06 08:30:00,emoji_aliases.🥁,social,🥁Hobbies,
E71CDF06-3DE7-4C3B-9636-75306E6297CE,sign up mom for Lolli,2025-07-23 05:00:00,dynamic_tasks.errands_logistics,errands,Mom,
4E3693C0-D41F-4004-BC8B-83EEE18C1698,🍽️ mom lunch,2025-11-16 15:30:00,health_wellness.exercise.outdoor walk,health,Mom,
6CEACA0F-8B27-4AA1-B4E8-79F4415A1148,🥣mom breakfast,2025-11-16 10:00:00,health_wellness.meal_planning.prep meals,prep_and_maintenance,Mom,
0D2EAFD9-1867-4336-A725-A8BFAFD60E30,🥤mom smoothie,2025-11-16 11:00:00,personal_tasks.health_wellness.meal_planning,health,Mom,
D98C62D2-D06E-4F0D-B362-9DED43A39817,🚴‍♀️mom bike,2025-11-15 18:30:00,health_wellness.exercise.outdoor walk,health,Mom,
9C23AA40-3E4B-4D0D-A12B-BF0E6A01D882,🍽️ mom dinner,2025-11-15 20:30:00,health_wellness.exercise.outdoor walk,health,Mom,
F1F3313E-686D-446D-914F-1A751DBC872E,🧺 mom wash clothes,2025-11-18 10:30:00,emoji_aliases.🧺,prep_and_maintenance,Mom,
7DB1B5A8-8E17-4F99-9717-703F98DE8882,🧺mom dry clothes,2025-11-18 11:15:00,emoji_aliases.🧺,prep_and_maintenance,Mom,
B5FA839F-5708-407E-84AF-58C1F1BB129B,🧺mom fold clothes,2025-11-18 12:00:00,emoji_aliases.🧺,prep_and_maintenance,Mom,
BFAC1943-669A-4183-8F2A-3237D57E2ECF,🔋update energy focus plan,2025-11-15 18:00:00,productivity_management.scheduling.plan,errands,🌊FlowOs,
