{
  "view": "daily",
  "date": "2025-11-15",
  "count": 7,
  "items": [
    {
      "title": "📂 review chat gpt temp folder",
      "dueISO": "2025-11-15T13:00:00",
      "time": "13:00",
      "list": "🌊FlowOs",
      "flagged": false,
      "priority": 0,
      "id": "F7D4A51A-E431-410F-9403-D9C8928B52F7"
    },
    {
      "title": "clean shower",
      "dueISO": "2025-11-15T16:30:00",
      "time": "16:30",
      "list": "🌊FlowOs",
      "flagged": false,
      "priority": 0,
      "id": "1A9EFAD2-E1F1-42E9-A5C7-AA2296170E1C"
    },
    {
      "title": "🔋update energy focus plan",
      "dueISO": "2025-11-15T18:00:00",
      "time": "18:00",
      "list": "🌊FlowOs",
      "flagged": false,
      "priority": 0,
      "id": "BFAC1943-669A-4183-8F2A-3237D57E2ECF"
    },
    {
      "title": "🚴‍♀️mom bike",
      "dueISO": "2025-11-15T18:30:00",
      "time": "18:30",
      "list": "Mom",
      "flagged": false,
      "priority": 0,
      "id": "D98C62D2-D06E-4F0D-B362-9DED43A39817"
    },
    {
      "title": "dinner",
      "dueISO": "2025-11-15T19:00:00",
      "time": "19:00",
      "list": "🌊FlowOs",
      "flagged": false,
      "priority": 0,
      "id": "2EE75B35-25D7-4ACE-AB82-7CDA4080A646"
    },
    {
      "title": "🍽️ mom dinner",
      "dueISO": "2025-11-15T20:30:00",
      "time": "20:30",
      "list": "Mom",
      "flagged": false,
      "priority": 0,
      "id": "9C23AA40-3E4B-4D0D-A12B-BF0E6A01D882"
    },
    {
      "title": "massage chair",
      "dueISO": "2025-11-15T23:00:00",
      "time": "23:00",
      "list": "🌊FlowOs",
      "flagged": false,
      "priority": 0,
      "id": "2B161E64-1EAC-4660-B038-CF35D83953CD"
    }
  ],
  "stats": {
    "total_processed": 328,
    "valid_dates": 272,
    "error_dates": 56
  },
  "generated_at": "2025-11-15T17:22:53.071144"
}