{
  "view": "projects",
  "date": "2025-11-15",
  "projects": [
    {
      "name": "FlowOs",
      "items": [
        {
          "title": "🗂️ review chat gpt temp folder. move files to relevant folder (Projects A/Projects B/ Archive etc)",
          "type": "task",
          "project_name": null,
          "phase": null,
          "list": "FlowOs",
          "flagged": false,
          "priority": 0,
          "id": "1AF8D04F-7DDB-4307-91D6-42BB608236BE",
          "dueISO": "2025-09-21T20:00:00",
          "due_date": "2025-09-21",
          "status": "overdue"
        },
        {
          "title": "🗂️ review chat gpt temp folder. move files to relevant folder (Projects A/Projects B/ Archive etc)",
          "type": "task",
          "project_name": null,
          "phase": null,
          "list": "FlowOs",
          "flagged": false,
          "priority": 0,
          "id": "353BE96F-E0E9-4270-93C1-0FAD8645C704",
          "dueISO": "2025-09-27T13:00:00",
          "due_date": "2025-09-27",
          "status": "overdue"
        },
        {
          "title": "⚪️new project draft creations chat gpt",
          "type": "task",
          "project_name": null,
          "phase": null,
          "list": "FlowOs",
          "flagged": false,
          "priority": 0,
          "id": "BF9384B1-7C17-449A-BC58-B40768C0F750",
          "status": "backlog"
        },
        {
          "title": "📋project planner priority",
          "type": "task",
          "project_name": null,
          "phase": null,
          "list": "FlowOs",
          "flagged": false,
          "priority": 0,
          "id": "F3777B4D-5478-455C-831F-8F28706AF3B4",
          "status": "backlog"
        }
      ],
      "phases": {},
      "total_items": 4
    },
    {
      "name": "🌊FlowOs",
      "items": [
        {
          "title": "☑️project review",
          "type": "task",
          "project_name": null,
          "phase": null,
          "list": "🌊FlowOs",
          "flagged": false,
          "priority": 0,
          "id": "B2E4B828-C533-4DAF-A7A8-DA595C9F91BD",
          "dueISO": "2025-11-10T06:30:00",
          "due_date": "2025-11-10",
          "status": "overdue"
        }
      ],
      "phases": {},
      "total_items": 1
    },
    {
      "name": "🟢Projects",
      "items": [
        {
          "title": "🟢coding (🧬jenquin-backend)",
          "type": "task",
          "project_name": null,
          "phase": null,
          "list": "🟢Projects",
          "flagged": false,
          "priority": 0,
          "id": "9003F482-6BFD-4B97-A510-F64E9F60696B",
          "dueISO": "2025-10-19T18:00:00",
          "due_date": "2025-10-19",
          "status": "overdue"
        },
        {
          "title": "weekly coding review",
          "type": "task",
          "project_name": null,
          "phase": null,
          "list": "🟢Projects",
          "flagged": false,
          "priority": 0,
          "id": "80596DD2-F8FB-4322-A27D-74000FDE2C94",
          "dueISO": "2025-10-23T12:00:00",
          "due_date": "2025-10-23",
          "status": "overdue"
        },
        {
          "title": "coding (📈 trading agent)",
          "type": "task",
          "project_name": null,
          "phase": null,
          "list": "🟢Projects",
          "flagged": false,
          "priority": 0,
          "id": "DB83ABC7-ACF6-4D5A-BC07-5482623F995B",
          "dueISO": "2025-11-05T06:00:00",
          "due_date": "2025-11-05",
          "status": "overdue"
        },
        {
          "title": "🟢coding (🧬jenquin-frontend)",
          "type": "task",
          "project_name": null,
          "phase": null,
          "list": "🟢Projects",
          "flagged": false,
          "priority": 0,
          "id": "B4EBC67D-F8C5-4D8D-B41F-F1F7BAA1E8D2",
          "dueISO": "2025-11-19T21:00:00",
          "due_date": "2025-11-19",
          "status": "scheduled"
        },
        {
          "title": "🟢coding (📚life organizer)",
          "type": "task",
          "project_name": null,
          "phase": null,
          "list": "🟢Projects",
          "flagged": false,
          "priority": 0,
          "id": "3AB29E40-6BB4-469C-86CE-608700974122",
          "status": "backlog"
        }
      ],
      "phases": {},
      "total_items": 5
    }
  ],
  "total_projects": 3,
  "total_items": 10,
  "generated_at": "2025-11-15T17:22:54.524704"
}