{
  "items": [
    {
      "title": "📝 Move each note to its relevant folder",
      "dueISO": "2025-09-22T10:30:00",
      "list": "FlowOs",
      "flagged": false,
      "priority": 0,
      "id": "B5A98F3B-9C1E-4B3E-BE52-193D5C272E43"
    },
    {
      "title": "dinner",
      "dueISO": "2025-09-22T17:00:00",
      "list": "FlowOs",
      "flagged": false,
      "priority": 0,
      "id": "0C9D322A-B1F0-4646-8303-A0C84A598F1F"
    },
    {
      "title": "🥁 mpc session",
      "dueISO": "2025-09-22T19:30:00",
      "list": "FlowOs",
      "flagged": false,
      "priority": 0,
      "id": "AD96F0B5-4DE1-45E0-B4FD-621DCEE3F426"
    },
    {
      "title": "🐶🧤",
      "dueISO": "2025-09-22T20:00:00",
      "list": "FlowOs",
      "flagged": false,
      "priority": 0,
      "id": "411A33FD-B48F-4327-849A-46AF75F6E28B"
    },
    {
      "title": "take out trash/recycling",
      "dueISO": "2025-09-22T20:45:00",
      "list": "FlowOs",
      "flagged": false,
      "priority": 0,
      "id": "23D2638F-BD8B-4D7E-983A-891C5C2B604D"
    },
    {
      "title": "🙆🏽‍♂️ precor stretch circuit",
      "dueISO": "2025-09-23T09:30:00",
      "list": "FlowOs",
      "flagged": false,
      "priority": 0,
      "id": "CBBEAF83-8268-4B81-A544-A42221E3C6ED"
    },
    {
      "title": "lunch",
      "dueISO": "2025-09-23T15:00:00",
      "list": "FlowOs",
      "flagged": false,
      "priority": 0,
      "id": "82694CFA-D7E7-4B5C-9B29-EEF5AF06425F"
    },
    {
      "title": "🐶 take out dogs",
      "dueISO": "2025-09-23T15:00:00",
      "list": "FlowOs",
      "flagged": false,
      "priority": 0,
      "id": "299F66C9-CEF3-4E08-8B7E-7A06FB17082B"
    },
    {
      "title": "🍉 make juice",
      "dueISO": "2025-09-23T16:30:00",
      "list": "FlowOs",
      "flagged": false,
      "priority": 0,
      "id": "93B8E6F5-9A42-4972-BA4A-D677C17972D3"
    },
    {
      "title": "cut front grass",
      "dueISO": "2025-09-23T17:00:00",
      "list": "FlowOs",
      "flagged": false,
      "priority": 0,
      "id": "0725016F-4DB9-4212-A369-137B610A27F2"
    },
    {
      "title": "clean bathroom",
      "dueISO": "2025-09-23T18:00:00",
      "list": "FlowOs",
      "flagged": false,
      "priority": 0,
      "id": "B2B473A2-6D95-4EA1-A0DD-DFF17E02BDBF"
    },
    {
      "title": "🟢coding (misc)",
      "dueISO": "2025-09-23T20:00:00",
      "list": "FlowOs",
      "flagged": false,
      "priority": 0,
      "id": "DBCE286A-793B-45FD-85D7-B5FA6F310F74"
    },
    {
      "title": "🥁 mpc session",
      "dueISO": "2025-09-23T20:15:00",
      "list": "FlowOs",
      "flagged": false,
      "priority": 0,
      "id": "45089B3B-2A82-4826-A0A7-9272AEF3BC4A"
    },
    {
      "title": "coding",
      "dueISO": "2025-09-24T06:00:00",
      "list": "FlowOs",
      "flagged": false,
      "priority": 0,
      "id": "FD9A9C3E-6D52-4477-84BC-A57416242C21"
    },
    {
      "title": "🧠💬🤖📝 brainstorm with chatgpt",
      "dueISO": "2025-09-24T06:30:00",
      "list": "FlowOs",
      "flagged": false,
      "priority": 0,
      "id": "3DFFF107-DCC6-4693-AEEF-E023AFB0FF61"
    },
    {
      "title": "🪴 water plants",
      "dueISO": "2025-09-24T07:30:00",
      "list": "FlowOs",
      "flagged": false,
      "priority": 0,
      "id": "3FCA1F53-63A1-40B4-AA18-F0F96109DD84"
    },
    {
      "title": "🥤make smoothie",
      "dueISO": "2025-09-24T08:00:00",
      "list": "FlowOs",
      "flagged": false,
      "priority": 0,
      "id": "734D86D1-5673-486F-815A-551AB2503576"
    },
    {
      "title": "🐶 take out dogs",
      "dueISO": "2025-09-24T08:30:00",
      "list": "FlowOs",
      "flagged": false,
      "priority": 0,
      "id": "66E35D34-5B57-4892-88C7-11785584C44D"
    },
    {
      "title": "cut nails",
      "dueISO": "2025-09-24T09:00:00",
      "list": "FlowOs",
      "flagged": false,
      "priority": 0,
      "id": "9EA0DFE8-AD3E-499F-9AF1-ED4812667C39"
    },
    {
      "title": "🙆🏽‍♂️🧘🏽‍♂️stretch/yoga",
      "dueISO": "2025-09-24T09:30:00",
      "list": "FlowOs",
      "flagged": false,
      "priority": 0,
      "id": "F22CA951-FB13-4E3A-AF5A-F40DBCD129D8"
    },
    {
      "title": "💰lolli daily stack",
      "dueISO": "2025-09-24T10:00:00",
      "list": "FlowOs",
      "flagged": false,
      "priority": 0,
      "id": "B9012246-7DE5-48D7-A393-2BF8E8F05928"
    },
    {
      "title": "🩺 hypervice calve",
      "dueISO": "2025-09-24T11:00:00",
      "list": "FlowOs",
      "flagged": false,
      "priority": 0,
      "id": "99AC95DB-C906-4033-8C42-A2C114EF6897"
    },
    {
      "title": "🐶🍗 feed dogs",
      "dueISO": "2025-09-24T11:15:00",
      "list": "FlowOs",
      "flagged": false,
      "priority": 0,
      "id": "2E9B57E9-CD28-425E-932C-0C1D0128CC3A"
    },
    {
      "title": "📬 review mail",
      "dueISO": "2025-09-24T14:30:00",
      "list": "FlowOs",
      "flagged": false,
      "priority": 0,
      "id": "8F1894D4-8038-437A-8E92-31A157EE9770"
    },
    {
      "title": "🐶take out dogs",
      "dueISO": "2025-09-24T15:30:00",
      "list": "FlowOs",
      "flagged": false,
      "priority": 0,
      "id": "20EB2096-D2C0-47EA-A91D-55A75E402C80"
    },
    {
      "title": "🧠🔁 weekly reset",
      "dueISO": "2025-09-24T18:00:00",
      "list": "FlowOs",
      "flagged": false,
      "priority": 0,
      "id": "B78B7DB3-45A7-4B98-B8C5-E4886DE957A9"
    },
    {
      "title": "🟢coding (🧬jenquin)",
      "dueISO": "2025-09-24T18:00:00",
      "list": "FlowOs",
      "flagged": false,
      "priority": 0,
      "id": "8FDD26A5-E3B6-48EE-B9C1-8E1BBFA24AA2"
    },
    {
      "title": "🩺 hypervice knee",
      "dueISO": "2025-09-24T18:45:00",
      "list": "FlowOs",
      "flagged": false,
      "priority": 0,
      "id": "1283984C-D42C-4999-8585-5B6317A914A0"
    },
    {
      "title": "🧠💬🤖📝 brainstorm with chat gpt",
      "dueISO": "2025-09-24T19:45:00",
      "list": "FlowOs",
      "flagged": false,
      "priority": 0,
      "id": "68DF1CB6-92CC-4154-A834-4FD601213946"
    },
    {
      "title": "🐶 take out dogs",
      "dueISO": "2025-09-24T22:15:00",
      "list": "FlowOs",
      "flagged": false,
      "priority": 0,
      "id": "B751A5D5-1585-49D9-A0A3-FC69BC037A4A"
    },
    {
      "title": "🐶 take out dogs",
      "dueISO": "2025-09-25T09:00:00",
      "list": "FlowOs",
      "flagged": false,
      "priority": 0,
      "id": "7176900A-625F-4C20-9902-BA41F8EC897D"
    },
    {
      "title": "🥁🎤📸mpc creative session",
      "dueISO": "2025-09-25T09:30:00",
      "list": "FlowOs",
      "flagged": false,
      "priority": 0,
      "id": "E25D7C76-9791-4DDE-A6FE-37E218EBBED5"
    },
    {
      "title": "🥤make smoothie",
      "dueISO": "2025-09-25T10:30:00",
      "list": "FlowOs",
      "flagged": false,
      "priority": 0,
      "id": "263362AD-83EB-4E8F-ADC6-0BA7F4B3FA8C"
    },
    {
      "title": "update facebook marketplace",
      "dueISO": "2025-09-25T11:30:00",
      "list": "FlowOs",
      "flagged": false,
      "priority": 0,
      "id": "63190F85-56AB-4E9C-854B-D9A24F0F5C5E"
    },
    {
      "title": "weekly coding review",
      "dueISO": "2025-09-25T12:00:00",
      "list": "FlowOs",
      "flagged": false,
      "priority": 0,
      "id": "6235738B-DEBD-4017-B51A-75B7C1BF7BF9"
    },
    {
      "title": "organize  📆",
      "dueISO": "2025-09-25T12:30:00",
      "list": "FlowOs",
      "flagged": false,
      "priority": 0,
      "id": "8F4BBB21-D265-4DF9-B76D-EFC858B487DA"
    },
    {
      "title": "🐶 take out dogs",
      "dueISO": "2025-09-25T15:00:00",
      "list": "FlowOs",
      "flagged": false,
      "priority": 0,
      "id": "216F8C28-FEC4-4F6A-8330-3E7162D78669"
    },
    {
      "title": "🙆🏽‍♂️🧘🏽‍♂️",
      "dueISO": "2025-09-25T16:00:00",
      "list": "FlowOs",
      "flagged": false,
      "priority": 0,
      "id": "F3E50ACD-F869-4700-B322-1052AC0856FF"
    },
    {
      "title": "clean fridge/compost",
      "dueISO": "2025-09-25T17:00:00",
      "list": "FlowOs",
      "flagged": false,
      "priority": 0,
      "id": "F6819952-778E-450C-A402-71181E6BEA7A"
    },
    {
      "title": "cook",
      "dueISO": "2025-09-25T18:00:00",
      "list": "FlowOs",
      "flagged": false,
      "priority": 0,
      "id": "27C97D29-6FFD-4EB1-AC98-612D972DABEB"
    },
    {
      "title": "dinner",
      "dueISO": "2025-09-25T18:30:00",
      "list": "FlowOs",
      "flagged": false,
      "priority": 0,
      "id": "69191DB1-FB46-4DF3-B886-FBD6D5055869"
    },
    {
      "title": "🧠💬🤖📝 brainstorm with chatgpt",
      "dueISO": "2025-09-25T22:30:00",
      "list": "FlowOs",
      "flagged": false,
      "priority": 0,
      "id": "59E23B7D-F921-44FC-A39F-2422DA95F29B"
    },
    {
      "title": "youtube/massage chair",
      "dueISO": "2025-09-25T23:45:00",
      "list": "FlowOs",
      "flagged": false,
      "priority": 0,
      "id": "52EEAF2A-B36B-4CF6-B6E2-46DBF3EA3C27"
    },
    {
      "title": "💤 sleep",
      "dueISO": "2025-09-25T23:55:00",
      "list": "FlowOs",
      "flagged": false,
      "priority": 0,
      "id": "0CF1623B-354A-4D0E-B7BF-9B913416A52A"
    },
    {
      "title": "🐶🧹vacuum dog room",
      "dueISO": "2025-09-26T08:00:00",
      "list": "FlowOs",
      "flagged": false,
      "priority": 0,
      "id": "104750C1-432E-4B9D-8EC9-10032F29AE23"
    },
    {
      "title": "🧠💬🤖📝 brainstorm with chatgpt",
      "dueISO": "2025-09-26T08:30:00",
      "list": "FlowOs",
      "flagged": false,
      "priority": 0,
      "id": "9228F68A-F15F-4C6C-83AE-2D0206B5596D"
    },
    {
      "title": "📝move each note to its relevant folder",
      "dueISO": "2025-09-26T09:00:00",
      "list": "FlowOs",
      "flagged": false,
      "priority": 0,
      "id": "B00D259D-E640-4EFE-8E86-19E951E8109A"
    },
    {
      "title": "☀️🚶🏽‍♂️🚶🏻‍♀️🥤 neighborhood walk/make smoothies",
      "dueISO": "2025-09-26T09:30:00",
      "list": "FlowOs",
      "flagged": false,
      "priority": 0,
      "id": "FA67082C-187C-49F4-845B-5B25E1822D18"
    },
    {
      "title": "🚿",
      "dueISO": "2025-09-26T15:30:00",
      "list": "FlowOs",
      "flagged": false,
      "priority": 0,
      "id": "109E70AF-B099-4D38-9B99-8FF69F1C0E00"
    },
    {
      "title": "🎶🧹🎸 jam out session",
      "dueISO": "2025-09-26T16:00:00",
      "list": "FlowOs",
      "flagged": false,
      "priority": 0,
      "id": "4E6DC6DA-C865-4FFB-ACDE-56390D63C1E6"
    },
    {
      "title": "💤 sleep",
      "dueISO": "2025-09-27T00:30:00",
      "list": "FlowOs",
      "flagged": false,
      "priority": 0,
      "id": "6A9F5F0E-BAD1-45EB-9C6C-B297FFE639E5"
    },
    {
      "title": "🙆🏽‍♂️🧘🏽‍♂️",
      "dueISO": "2025-09-27T09:30:00",
      "list": "FlowOs",
      "flagged": false,
      "priority": 0,
      "id": "8EB6B203-278A-49E2-A076-A1D7AF7BD3E0"
    },
    {
      "title": "🐶 take out dogs",
      "dueISO": "2025-09-27T09:45:00",
      "list": "FlowOs",
      "flagged": false,
      "priority": 0,
      "id": "DD36293C-01FE-43AE-BE5D-759A72FF893B"
    },
    {
      "title": "☑️review incomplete reminders (today list)",
      "dueISO": "2025-09-27T12:00:00",
      "list": "FlowOs",
      "flagged": false,
      "priority": 0,
      "id": "976DB47D-B6FB-46EF-9DB9-1C8320699026"
    },
    {
      "title": "📝review note organizer 3 day/weekly digest summary",
      "dueISO": "2025-09-27T12:30:00",
      "list": "FlowOs",
      "flagged": false,
      "priority": 0,
      "id": "CCC479EE-4722-4C97-80CC-DCFCC9AD8850"
    },
    {
      "title": "🗂️ review chat gpt temp folder. move files to relevant folder (Projects A/Projects B/ Archive etc)",
      "dueISO": "2025-09-27T13:00:00",
      "list": "FlowOs",
      "flagged": false,
      "priority": 0,
      "id": "353BE96F-E0E9-4270-93C1-0FAD8645C704"
    },
    {
      "title": "🥁 mpc session",
      "dueISO": "2025-09-27T14:45:00",
      "list": "FlowOs",
      "flagged": false,
      "priority": 0,
      "id": "111DBDF0-D948-4F2A-B7D7-9A59A1C4BA8D"
    },
    {
      "title": "sync notes to notion",
      "dueISO": "2025-09-27T16:30:00",
      "list": "FlowOs",
      "flagged": false,
      "priority": 0,
      "id": "A4E2F376-FB3E-4847-9DE2-AC56B35E89E0"
    },
    {
      "title": "dinner",
      "dueISO": "2025-09-27T19:00:00",
      "list": "FlowOs",
      "flagged": false,
      "priority": 0,
      "id": "BF598718-4B77-471F-8344-860660098090"
    },
    {
      "title": "youtube/massage chair",
      "dueISO": "2025-09-27T23:00:00",
      "list": "FlowOs",
      "flagged": false,
      "priority": 0,
      "id": "E4473A8D-2995-46E7-8E59-ABE5E9D44C7C"
    },
    {
      "title": "💤 sleep",
      "dueISO": "2025-09-28T00:00:00",
      "list": "FlowOs",
      "flagged": false,
      "priority": 0,
      "id": "D691B4F5-3F5E-4F5F-845C-35DF22262F4B"
    },
    {
      "title": "sync notes to notion",
      "dueISO": "2025-09-28T05:00:00",
      "list": "FlowOs",
      "flagged": false,
      "priority": 0,
      "id": "CFBB06CB-F6D4-417C-AF4B-B560B0FEE879"
    },
    {
      "title": "coding",
      "dueISO": "2025-09-28T06:00:00",
      "list": "FlowOs",
      "flagged": false,
      "priority": 0,
      "id": "273D23F2-B9B0-4891-A47E-CC25C9829A71"
    },
    {
      "title": "cook",
      "dueISO": "2025-09-28T10:30:00",
      "list": "FlowOs",
      "flagged": false,
      "priority": 0,
      "id": "3A3A62C7-C9EF-4DA7-8000-095FFB8CC692"
    },
    {
      "title": "🐶 🥕feed dogs",
      "dueISO": "2025-09-28T11:00:00",
      "list": "FlowOs",
      "flagged": false,
      "priority": 0,
      "id": "2E305D96-2E16-478C-A358-2DA8E6B0BE32"
    },
    {
      "title": "🧺 wash clothes",
      "dueISO": "2025-09-28T11:35:00",
      "list": "FlowOs",
      "flagged": false,
      "priority": 0,
      "id": "7FFBEB48-0356-4ABD-8A7C-C94F3D7B9AD9"
    },
    {
      "title": "🙆🏽‍♂️ precor stretch circuit",
      "dueISO": "2025-09-28T11:45:00",
      "list": "FlowOs",
      "flagged": false,
      "priority": 0,
      "id": "B80713F4-1FB5-4582-8EB9-459A1B353275"
    },
    {
      "title": "🧺 dry clothes",
      "dueISO": "2025-09-28T12:00:00",
      "list": "FlowOs",
      "flagged": false,
      "priority": 0,
      "id": "1F031CB4-DC49-47AF-BC78-8073E8640C4A"
    },
    {
      "title": "🧺 fold clothes",
      "dueISO": "2025-09-28T14:30:00",
      "list": "FlowOs",
      "flagged": false,
      "priority": 0,
      "id": "559D9D06-66F2-4453-85D0-D1FBFE44AC40"
    },
    {
      "title": "clean room",
      "dueISO": "2025-09-28T14:40:00",
      "list": "FlowOs",
      "flagged": false,
      "priority": 0,
      "id": "53705C0A-7B1F-444D-82F8-16141C023DC0"
    },
    {
      "title": "🥜make peanut butter",
      "dueISO": "2025-09-28T16:00:00",
      "list": "FlowOs",
      "flagged": false,
      "priority": 0,
      "id": "33AA53F2-02FD-44D0-B778-847BC4C55A07"
    },
    {
      "title": "🍞Make Bread",
      "dueISO": "2025-09-28T16:30:00",
      "list": "FlowOs",
      "flagged": false,
      "priority": 0,
      "id": "5BFC0B33-06EF-428A-BCBC-3AC552A0E30B"
    },
    {
      "title": "dinner",
      "dueISO": "2025-09-28T18:15:00",
      "list": "FlowOs",
      "flagged": false,
      "priority": 0,
      "id": "14F4403D-4939-47CA-9288-11576167074B"
    },
    {
      "title": "🥁",
      "dueISO": "2025-09-28T19:00:00",
      "list": "FlowOs",
      "flagged": false,
      "priority": 0,
      "id": "30B0116B-7321-49CD-93B2-31740ACD21EC"
    },
    {
      "title": "⚖️ weight gain meal",
      "dueISO": "2025-09-28T22:30:00",
      "list": "FlowOs",
      "flagged": false,
      "priority": 0,
      "id": "B9D7D67E-A7CE-4940-8BE0-14AF52582709"
    },
    {
      "title": "💤",
      "dueISO": "2025-09-28T23:30:00",
      "list": "FlowOs",
      "flagged": false,
      "priority": 0,
      "id": "B5643FD2-78DA-49B1-8085-37A03D1E68C1"
    },
    {
      "title": "respond to facebook/ig/text messages",
      "dueISO": "2025-09-29T07:30:00",
      "list": "FlowOs",
      "flagged": false,
      "priority": 0,
      "id": "74D70F0A-0B0B-4884-A96B-824CFEA00A80"
    },
    {
      "title": "🙆🏽‍♂️ precor stretch circuit",
      "dueISO": "2025-09-29T08:00:00",
      "list": "FlowOs",
      "flagged": false,
      "priority": 0,
      "id": "FA8136A4-2A88-40BA-9F51-B4F0D28A7C03"
    },
    {
      "title": "🥤make smoothie",
      "dueISO": "2025-09-29T08:30:00",
      "list": "FlowOs",
      "flagged": false,
      "priority": 0,
      "id": "FB250E18-983A-4AC7-BE71-2A97732D0BA6"
    },
    {
      "title": "plan",
      "dueISO": "2025-09-29T09:00:00",
      "list": "FlowOs",
      "flagged": false,
      "priority": 0,
      "id": "835DDD57-721C-4A1F-BC92-C7B857F5E505"
    },
    {
      "title": "🧘🏽‍♂️ yoga/breathwork/journaling",
      "dueISO": "2025-09-29T09:30:00",
      "list": "FlowOs",
      "flagged": false,
      "priority": 0,
      "id": "C1E0C9EC-8447-4E45-92F9-1A104B144CBE"
    },
    {
      "title": "🛒grocery shop",
      "dueISO": "2025-09-29T11:00:00",
      "list": "FlowOs",
      "flagged": false,
      "priority": 0,
      "id": "7F2E6A45-498B-4BD4-9E54-316BCDF4B861"
    },
    {
      "title": "🚿 shower",
      "dueISO": "2025-09-29T15:00:00",
      "list": "FlowOs",
      "flagged": false,
      "priority": 0,
      "id": "D7BBA8A1-9685-4A33-95CE-04B77B1FA0A4"
    },
    {
      "title": "🧠💬🤖📝",
      "dueISO": "2025-09-29T17:45:00",
      "list": "FlowOs",
      "flagged": false,
      "priority": 0,
      "id": "37B00AB7-DC6B-438B-AC7A-1A5ACE60B733"
    },
    {
      "title": "🥤make smoothie",
      "dueISO": "2025-09-29T19:00:00",
      "list": "FlowOs",
      "flagged": false,
      "priority": 0,
      "id": "015026ED-EF5F-4B03-B20B-B4738CE60FFC"
    },
    {
      "title": "💤",
      "dueISO": "2025-09-29T23:45:00",
      "list": "FlowOs",
      "flagged": false,
      "priority": 0,
      "id": "4B3CF4A6-F0F7-4A41-AE72-3165B5E6307E"
    },
    {
      "title": "Chill/Social",
      "dueISO": "2025-09-30T04:15:00",
      "list": "FlowOs",
      "flagged": false,
      "priority": 0,
      "id": "B827F54E-DE6B-42F3-B3A7-36683F4ED7CC"
    },
    {
      "title": "🥤make smoothie",
      "dueISO": "2025-09-30T08:00:00",
      "list": "FlowOs",
      "flagged": false,
      "priority": 0,
      "id": "884A7BA3-4F18-4904-AFD2-E4821499EBEC"
    },
    {
      "title": "🐶 take out dogs",
      "dueISO": "2025-09-30T09:00:00",
      "list": "FlowOs",
      "flagged": false,
      "priority": 0,
      "id": "6005FFEB-A4B6-4EA7-B166-E3713E2F28E2"
    },
    {
      "title": "🧠💬🤖📝 brainstorm with chatgpt",
      "dueISO": "2025-09-30T10:30:00",
      "list": "FlowOs",
      "flagged": false,
      "priority": 0,
      "id": "161454B8-6852-46D3-8BE3-5E6761DC4323"
    },
    {
      "title": "🃏play cards",
      "dueISO": "2025-09-30T13:30:00",
      "list": "FlowOs",
      "flagged": false,
      "priority": 0,
      "id": "26B3BCF8-8A9E-420B-A5E2-15B588469F31"
    },
    {
      "title": "dinner",
      "dueISO": "2025-09-30T18:30:00",
      "list": "FlowOs",
      "flagged": false,
      "priority": 0,
      "id": "F301731E-6C9F-4DC4-9126-65D324A9C5D7"
    },
    {
      "title": "🚿 shower",
      "dueISO": "2025-09-30T19:00:00",
      "list": "FlowOs",
      "flagged": false,
      "priority": 0,
      "id": "E218123B-DD8E-408A-A237-E7BB7AB8F9D2"
    },
    {
      "title": "🪴 monthly plant day",
      "dueISO": "2025-10-02T08:00:00",
      "list": "FlowOs",
      "flagged": false,
      "priority": 0,
      "id": "7CF0A21B-8C18-491D-BC0E-829BFE2349AD"
    },
    {
      "title": "🍯 make sugar water",
      "dueISO": "2025-10-02T13:30:00",
      "list": "FlowOs",
      "flagged": false,
      "priority": 0,
      "id": "7D30B3DE-BD0D-4A59-BDE6-E031C4D8E7D7"
    },
    {
      "title": "clean toilet",
      "dueISO": "2025-10-02T17:30:00",
      "list": "FlowOs",
      "flagged": false,
      "priority": 0,
      "id": "AC708E15-C3D2-45CE-8036-A63E5840CA8C"
    },
    {
      "title": "🐶 take out dogs",
      "dueISO": "2025-10-06T08:00:00",
      "list": "FlowOs",
      "flagged": false,
      "priority": 0,
      "id": "64FCDC11-644D-4329-9020-BDED0D609FE3"
    },
    {
      "title": "🥡🍔",
      "dueISO": "2025-10-12T14:00:00",
      "list": "FlowOs",
      "flagged": false,
      "priority": 0,
      "id": "D2B1F6BD-2AC5-4FE9-BEB1-FE12260FBBFA"
    },
    {
      "title": "clean shower",
      "dueISO": "2025-10-18T16:30:00",
      "list": "FlowOs",
      "flagged": false,
      "priority": 0,
      "id": "1A9EFAD2-E1F1-42E9-A5C7-AA2296170E1C"
    }
  ],
  "count": 99,
  "total_processed": 109,
  "exported_at": "2025-11-14T23:16:34.438122",
  "source_file": "nova_scheduling_20251114_231603.csv"
}