{
  "view": "week",
  "start_date": "2025-11-15",
  "end_date": "2025-11-22",
  "days": [
    {
      "date": "2025-11-15",
      "day_name": "Saturday",
      "relative_day": "Today",
      "days_from_now": 0,
      "items": [
        {
          "title": "📂 review chat gpt temp folder",
          "dueISO": "2025-11-15T13:00:00",
          "due_date": "2025-11-15",
          "time": "13:00",
          "day_name": "Saturday",
          "days_from_now": 0,
          "list": "🌊FlowOs",
          "flagged": false,
          "priority": 0,
          "id": "F7D4A51A-E431-410F-9403-D9C8928B52F7",
          "relative_day": "Today"
        },
        {
          "title": "clean shower",
          "dueISO": "2025-11-15T16:30:00",
          "due_date": "2025-11-15",
          "time": "16:30",
          "day_name": "Saturday",
          "days_from_now": 0,
          "list": "🌊FlowOs",
          "flagged": false,
          "priority": 0,
          "id": "1A9EFAD2-E1F1-42E9-A5C7-AA2296170E1C",
          "relative_day": "Today"
        },
        {
          "title": "🔋update energy focus plan",
          "dueISO": "2025-11-15T18:00:00",
          "due_date": "2025-11-15",
          "time": "18:00",
          "day_name": "Saturday",
          "days_from_now": 0,
          "list": "🌊FlowOs",
          "flagged": false,
          "priority": 0,
          "id": "BFAC1943-669A-4183-8F2A-3237D57E2ECF",
          "relative_day": "Today"
        },
        {
          "title": "🚴‍♀️mom bike",
          "dueISO": "2025-11-15T18:30:00",
          "due_date": "2025-11-15",
          "time": "18:30",
          "day_name": "Saturday",
          "days_from_now": 0,
          "list": "Mom",
          "flagged": false,
          "priority": 0,
          "id": "D98C62D2-D06E-4F0D-B362-9DED43A39817",
          "relative_day": "Today"
        },
        {
          "title": "dinner",
          "dueISO": "2025-11-15T19:00:00",
          "due_date": "2025-11-15",
          "time": "19:00",
          "day_name": "Saturday",
          "days_from_now": 0,
          "list": "🌊FlowOs",
          "flagged": false,
          "priority": 0,
          "id": "2EE75B35-25D7-4ACE-AB82-7CDA4080A646",
          "relative_day": "Today"
        },
        {
          "title": "🍽️ mom dinner",
          "dueISO": "2025-11-15T20:30:00",
          "due_date": "2025-11-15",
          "time": "20:30",
          "day_name": "Saturday",
          "days_from_now": 0,
          "list": "Mom",
          "flagged": false,
          "priority": 0,
          "id": "9C23AA40-3E4B-4D0D-A12B-BF0E6A01D882",
          "relative_day": "Today"
        },
        {
          "title": "massage chair",
          "dueISO": "2025-11-15T23:00:00",
          "due_date": "2025-11-15",
          "time": "23:00",
          "day_name": "Saturday",
          "days_from_now": 0,
          "list": "🌊FlowOs",
          "flagged": false,
          "priority": 0,
          "id": "2B161E64-1EAC-4660-B038-CF35D83953CD",
          "relative_day": "Today"
        }
      ],
      "item_count": 7,
      "priority_items": 0,
      "flagged_items": 0
    },
    {
      "date": "2025-11-16",
      "day_name": "Sunday",
      "relative_day": "Tomorrow",
      "days_from_now": 1,
      "items": [
        {
          "title": "💤 sleep",
          "dueISO": "2025-11-16T00:00:00",
          "due_date": "2025-11-16",
          "time": "00:00",
          "day_name": "Sunday",
          "days_from_now": 1,
          "list": "🌊FlowOs",
          "flagged": false,
          "priority": 0,
          "id": "C4D6B51D-4D52-4105-B8D7-20A04FB0D467",
          "relative_day": "Tomorrow"
        },
        {
          "title": "sync notes to notion",
          "dueISO": "2025-11-16T05:00:00",
          "due_date": "2025-11-16",
          "time": "05:00",
          "day_name": "Sunday",
          "days_from_now": 1,
          "list": "🌊FlowOs",
          "flagged": false,
          "priority": 0,
          "id": "BA8299E4-9B63-4265-A48B-846CD79BB9B8",
          "relative_day": "Tomorrow"
        },
        {
          "title": "🪴 water plants",
          "dueISO": "2025-11-16T07:30:00",
          "due_date": "2025-11-16",
          "time": "07:30",
          "day_name": "Sunday",
          "days_from_now": 1,
          "list": "🌊FlowOs",
          "flagged": false,
          "priority": 0,
          "id": "274E6DCC-A4B1-4595-8B37-318448E24306",
          "relative_day": "Tomorrow"
        },
        {
          "title": "🎯review monthly goals",
          "dueISO": "2025-11-16T08:00:00",
          "due_date": "2025-11-16",
          "time": "08:00",
          "day_name": "Sunday",
          "days_from_now": 1,
          "list": "🌊FlowOs",
          "flagged": false,
          "priority": 0,
          "id": "0566D1E8-0D9C-4FAC-A377-D2FA22DD031D",
          "relative_day": "Tomorrow"
        },
        {
          "title": "read and take notes on [book title]",
          "dueISO": "2025-11-16T09:15:00",
          "due_date": "2025-11-16",
          "time": "09:15",
          "day_name": "Sunday",
          "days_from_now": 1,
          "list": "🌊FlowOs",
          "flagged": false,
          "priority": 0,
          "id": "AD1B6050-4FFB-49FC-9676-03BED7BF557B",
          "relative_day": "Tomorrow"
        },
        {
          "title": "🥣mom breakfast",
          "dueISO": "2025-11-16T10:00:00",
          "due_date": "2025-11-16",
          "time": "10:00",
          "day_name": "Sunday",
          "days_from_now": 1,
          "list": "Mom",
          "flagged": false,
          "priority": 0,
          "id": "6CEACA0F-8B27-4AA1-B4E8-79F4415A1148",
          "relative_day": "Tomorrow"
        },
        {
          "title": "🩺mom rehab",
          "dueISO": "2025-11-16T10:30:00",
          "due_date": "2025-11-16",
          "time": "10:30",
          "day_name": "Sunday",
          "days_from_now": 1,
          "list": "Mom",
          "flagged": false,
          "priority": 0,
          "id": "DAACE7E1-302C-4C22-816C-B9B604EC6995",
          "relative_day": "Tomorrow"
        },
        {
          "title": "cook",
          "dueISO": "2025-11-16T10:30:00",
          "due_date": "2025-11-16",
          "time": "10:30",
          "day_name": "Sunday",
          "days_from_now": 1,
          "list": "🌊FlowOs",
          "flagged": false,
          "priority": 0,
          "id": "BA1BF385-35F5-4F86-9B35-B84C51D0A08B",
          "relative_day": "Tomorrow"
        },
        {
          "title": "clean fridge handles",
          "dueISO": "2025-11-16T10:45:00",
          "due_date": "2025-11-16",
          "time": "10:45",
          "day_name": "Sunday",
          "days_from_now": 1,
          "list": "🌊FlowOs",
          "flagged": false,
          "priority": 0,
          "id": "9CFB48C5-E3DE-469C-9862-93DA077074DC",
          "relative_day": "Tomorrow"
        },
        {
          "title": "clean microwave",
          "dueISO": "2025-11-16T10:45:00",
          "due_date": "2025-11-16",
          "time": "10:45",
          "day_name": "Sunday",
          "days_from_now": 1,
          "list": "🌊FlowOs",
          "flagged": false,
          "priority": 0,
          "id": "146502CD-BD0B-4A10-B8C7-7BF20FBAACD2",
          "relative_day": "Tomorrow"
        },
        {
          "title": "🐶 💊feed dogs",
          "dueISO": "2025-11-16T11:00:00",
          "due_date": "2025-11-16",
          "time": "11:00",
          "day_name": "Sunday",
          "days_from_now": 1,
          "list": "🌊FlowOs",
          "flagged": false,
          "priority": 0,
          "id": "00082C7A-178A-4D3A-9353-A5D2919BDB2B",
          "relative_day": "Tomorrow"
        },
        {
          "title": "🥤mom smoothie",
          "dueISO": "2025-11-16T11:00:00",
          "due_date": "2025-11-16",
          "time": "11:00",
          "day_name": "Sunday",
          "days_from_now": 1,
          "list": "Mom",
          "flagged": false,
          "priority": 0,
          "id": "0D2EAFD9-1867-4336-A725-A8BFAFD60E30",
          "relative_day": "Tomorrow"
        },
        {
          "title": "🐶🍗 feed dogs",
          "dueISO": "2025-11-16T11:15:00",
          "due_date": "2025-11-16",
          "time": "11:15",
          "day_name": "Sunday",
          "days_from_now": 1,
          "list": "🌊FlowOs",
          "flagged": false,
          "priority": 0,
          "id": "F12572FD-9C05-4277-8CF6-3213F4483B39",
          "relative_day": "Tomorrow"
        },
        {
          "title": "🧺 wash clothes",
          "dueISO": "2025-11-16T11:35:00",
          "due_date": "2025-11-16",
          "time": "11:35",
          "day_name": "Sunday",
          "days_from_now": 1,
          "list": "🌊FlowOs",
          "flagged": false,
          "priority": 0,
          "id": "A1E0329F-05FB-47E1-AC5C-2E45A1909C4B",
          "relative_day": "Tomorrow"
        },
        {
          "title": "🙆🏽‍♂️ precor stretch circuit",
          "dueISO": "2025-11-16T11:45:00",
          "due_date": "2025-11-16",
          "time": "11:45",
          "day_name": "Sunday",
          "days_from_now": 1,
          "list": "🌊FlowOs",
          "flagged": false,
          "priority": 0,
          "id": "1BEB6CA2-668B-47B0-B462-36FBEF6A335B",
          "relative_day": "Tomorrow"
        },
        {
          "title": "🧺 dry clothes",
          "dueISO": "2025-11-16T12:00:00",
          "due_date": "2025-11-16",
          "time": "12:00",
          "day_name": "Sunday",
          "days_from_now": 1,
          "list": "🌊FlowOs",
          "flagged": false,
          "priority": 0,
          "id": "DEDDDABF-7A98-462D-ADE1-46DF7E2EC0FC",
          "relative_day": "Tomorrow"
        },
        {
          "title": "lunch",
          "dueISO": "2025-11-16T15:00:00",
          "due_date": "2025-11-16",
          "time": "15:00",
          "day_name": "Sunday",
          "days_from_now": 1,
          "list": "🌊FlowOs",
          "flagged": false,
          "priority": 0,
          "id": "925EB422-567B-4214-941C-0C81C4D37991",
          "relative_day": "Tomorrow"
        },
        {
          "title": "🍽️ mom lunch",
          "dueISO": "2025-11-16T15:30:00",
          "due_date": "2025-11-16",
          "time": "15:30",
          "day_name": "Sunday",
          "days_from_now": 1,
          "list": "Mom",
          "flagged": false,
          "priority": 0,
          "id": "4E3693C0-D41F-4004-BC8B-83EEE18C1698",
          "relative_day": "Tomorrow"
        },
        {
          "title": "📝review note organizer weekly summary",
          "dueISO": "2025-11-16T17:00:00",
          "due_date": "2025-11-16",
          "time": "17:00",
          "day_name": "Sunday",
          "days_from_now": 1,
          "list": "🌊FlowOs",
          "flagged": false,
          "priority": 0,
          "id": "FD066BF7-D17D-439F-A030-5CF6073B9069",
          "relative_day": "Tomorrow"
        },
        {
          "title": "dinner",
          "dueISO": "2025-11-16T18:15:00",
          "due_date": "2025-11-16",
          "time": "18:15",
          "day_name": "Sunday",
          "days_from_now": 1,
          "list": "🌊FlowOs",
          "flagged": false,
          "priority": 0,
          "id": "E84362E8-C75E-4167-80F4-DF2BABC0FE3D",
          "relative_day": "Tomorrow"
        },
        {
          "title": "🥁mpc session (make new beat)",
          "dueISO": "2025-11-16T19:00:00",
          "due_date": "2025-11-16",
          "time": "19:00",
          "day_name": "Sunday",
          "days_from_now": 1,
          "list": "🥁Hobbies",
          "flagged": false,
          "priority": 0,
          "id": "CCA5861A-6EE1-4C38-AA1D-7A4DD4038844",
          "relative_day": "Tomorrow"
        },
        {
          "title": "📂review chat gpt temp folder.",
          "dueISO": "2025-11-16T20:00:00",
          "due_date": "2025-11-16",
          "time": "20:00",
          "day_name": "Sunday",
          "days_from_now": 1,
          "list": "🌊FlowOs",
          "flagged": false,
          "priority": 0,
          "id": "B15C2A2F-4D93-4AD5-8676-AC200E0FFA84",
          "relative_day": "Tomorrow"
        },
        {
          "title": "review bills, plan payment schedule, transfer money",
          "dueISO": "2025-11-16T21:00:00",
          "due_date": "2025-11-16",
          "time": "21:00",
          "day_name": "Sunday",
          "days_from_now": 1,
          "list": "🌊FlowOs",
          "flagged": false,
          "priority": 0,
          "id": "5899BDA7-F235-47DA-87A1-08ECBD582D97",
          "relative_day": "Tomorrow"
        },
        {
          "title": "⚖️ weight gain meal",
          "dueISO": "2025-11-16T22:30:00",
          "due_date": "2025-11-16",
          "time": "22:30",
          "day_name": "Sunday",
          "days_from_now": 1,
          "list": "🌊FlowOs",
          "flagged": false,
          "priority": 0,
          "id": "1C8C8890-79A3-4CC7-8F41-3EFBA0015FA6",
          "relative_day": "Tomorrow"
        },
        {
          "title": "💤",
          "dueISO": "2025-11-16T23:30:00",
          "due_date": "2025-11-16",
          "time": "23:30",
          "day_name": "Sunday",
          "days_from_now": 1,
          "list": "🌊FlowOs",
          "flagged": false,
          "priority": 0,
          "id": "76625579-C4B0-464B-83D2-72FE2AB3A8D6",
          "relative_day": "Tomorrow"
        }
      ],
      "item_count": 25,
      "priority_items": 0,
      "flagged_items": 0
    },
    {
      "date": "2025-11-17",
      "day_name": "Monday",
      "relative_day": "In 2 days",
      "days_from_now": 2,
      "items": [
        {
          "title": "🙆🏽‍♂️ precor stretch circuit",
          "dueISO": "2025-11-17T08:00:00",
          "due_date": "2025-11-17",
          "time": "08:00",
          "day_name": "Monday",
          "days_from_now": 2,
          "list": "🌊FlowOs",
          "flagged": false,
          "priority": 0,
          "id": "434F7451-F288-41E3-B984-0BEE69CD2C9B",
          "relative_day": "In 2 days"
        },
        {
          "title": "🐶 take out dogs",
          "dueISO": "2025-11-17T08:00:00",
          "due_date": "2025-11-17",
          "time": "08:00",
          "day_name": "Monday",
          "days_from_now": 2,
          "list": "🌊FlowOs",
          "flagged": false,
          "priority": 0,
          "id": "00C90E7D-3365-4744-8681-74C080F30770",
          "relative_day": "In 2 days"
        },
        {
          "title": "🥤make smoothie",
          "dueISO": "2025-11-17T08:30:00",
          "due_date": "2025-11-17",
          "time": "08:30",
          "day_name": "Monday",
          "days_from_now": 2,
          "list": "🌊FlowOs",
          "flagged": false,
          "priority": 0,
          "id": "99EE293F-62FD-4FED-AF09-12BB91FD14C6",
          "relative_day": "In 2 days"
        },
        {
          "title": "☑️review overdue reminders(calendar zones)",
          "dueISO": "2025-11-17T09:00:00",
          "due_date": "2025-11-17",
          "time": "09:00",
          "day_name": "Monday",
          "days_from_now": 2,
          "list": "🌊FlowOs",
          "flagged": false,
          "priority": 0,
          "id": "FFFE384B-9A79-4E16-BE2E-6A55B143A217",
          "relative_day": "In 2 days"
        },
        {
          "title": "📝 move each note to its relevant folder",
          "dueISO": "2025-11-17T10:30:00",
          "due_date": "2025-11-17",
          "time": "10:30",
          "day_name": "Monday",
          "days_from_now": 2,
          "list": "🌊FlowOs",
          "flagged": false,
          "priority": 0,
          "id": "53C1D784-C2AB-4964-AFC1-CD66041F0955",
          "relative_day": "In 2 days"
        },
        {
          "title": "🚿 shower",
          "dueISO": "2025-11-17T15:00:00",
          "due_date": "2025-11-17",
          "time": "15:00",
          "day_name": "Monday",
          "days_from_now": 2,
          "list": "🌊FlowOs",
          "flagged": false,
          "priority": 0,
          "id": "4F814BB3-A84E-42D8-BA09-52CBAA664468",
          "relative_day": "In 2 days"
        },
        {
          "title": "dinner",
          "dueISO": "2025-11-17T17:00:00",
          "due_date": "2025-11-17",
          "time": "17:00",
          "day_name": "Monday",
          "days_from_now": 2,
          "list": "🌊FlowOs",
          "flagged": false,
          "priority": 0,
          "id": "78FFCA52-CBB7-4348-82F7-2643E58851C8",
          "relative_day": "In 2 days"
        },
        {
          "title": "🧠💬🤖📝 brainstorm with chat gpt",
          "dueISO": "2025-11-17T17:45:00",
          "due_date": "2025-11-17",
          "time": "17:45",
          "day_name": "Monday",
          "days_from_now": 2,
          "list": "🌊FlowOs",
          "flagged": false,
          "priority": 0,
          "id": "77CA873B-839D-41F5-8D86-DFB2B1D79949",
          "relative_day": "In 2 days"
        },
        {
          "title": "🥤make smoothie",
          "dueISO": "2025-11-17T19:00:00",
          "due_date": "2025-11-17",
          "time": "19:00",
          "day_name": "Monday",
          "days_from_now": 2,
          "list": "🌊FlowOs",
          "flagged": false,
          "priority": 0,
          "id": "5F7A4AA3-740A-463B-A721-71BE0C22480E",
          "relative_day": "In 2 days"
        },
        {
          "title": "🐶🧤",
          "dueISO": "2025-11-17T20:00:00",
          "due_date": "2025-11-17",
          "time": "20:00",
          "day_name": "Monday",
          "days_from_now": 2,
          "list": "🌊FlowOs",
          "flagged": false,
          "priority": 0,
          "id": "C4D0F6AC-F89E-497D-926B-9E7AC84AB3B7",
          "relative_day": "In 2 days"
        },
        {
          "title": "take out trash/recycling",
          "dueISO": "2025-11-17T20:45:00",
          "due_date": "2025-11-17",
          "time": "20:45",
          "day_name": "Monday",
          "days_from_now": 2,
          "list": "🌊FlowOs",
          "flagged": false,
          "priority": 0,
          "id": "19367F5B-1EF5-4474-B839-80949C38DFE5",
          "relative_day": "In 2 days"
        },
        {
          "title": "💤",
          "dueISO": "2025-11-17T23:45:00",
          "due_date": "2025-11-17",
          "time": "23:45",
          "day_name": "Monday",
          "days_from_now": 2,
          "list": "🌊FlowOs",
          "flagged": false,
          "priority": 0,
          "id": "B9F90ECB-C8C0-4B57-9134-0127AD159F56",
          "relative_day": "In 2 days"
        }
      ],
      "item_count": 12,
      "priority_items": 0,
      "flagged_items": 0
    },
    {
      "date": "2025-11-18",
      "day_name": "Tuesday",
      "relative_day": "In 3 days",
      "days_from_now": 3,
      "items": [
        {
          "title": "🥤make smoothie",
          "dueISO": "2025-11-18T08:00:00",
          "due_date": "2025-11-18",
          "time": "08:00",
          "day_name": "Tuesday",
          "days_from_now": 3,
          "list": "🌊FlowOs",
          "flagged": false,
          "priority": 0,
          "id": "07963C2A-339C-44D5-8D23-18DEEF005B39",
          "relative_day": "In 3 days"
        },
        {
          "title": "🐶 take out dogs",
          "dueISO": "2025-11-18T09:00:00",
          "due_date": "2025-11-18",
          "time": "09:00",
          "day_name": "Tuesday",
          "days_from_now": 3,
          "list": "🌊FlowOs",
          "flagged": false,
          "priority": 0,
          "id": "C1E17F50-5B8D-484F-993A-C24EBCE0BCC8",
          "relative_day": "In 3 days"
        },
        {
          "title": "🙆🏽‍♂️ precor stretch circuit",
          "dueISO": "2025-11-18T09:30:00",
          "due_date": "2025-11-18",
          "time": "09:30",
          "day_name": "Tuesday",
          "days_from_now": 3,
          "list": "🌊FlowOs",
          "flagged": false,
          "priority": 0,
          "id": "F60DEA59-C257-4DC9-9877-EEA100F19265",
          "relative_day": "In 3 days"
        },
        {
          "title": "🧠💬🤖📝 brainstorm with chatgpt",
          "dueISO": "2025-11-18T10:30:00",
          "due_date": "2025-11-18",
          "time": "10:30",
          "day_name": "Tuesday",
          "days_from_now": 3,
          "list": "🌊FlowOs",
          "flagged": false,
          "priority": 0,
          "id": "D902E560-B7D1-4BCB-B2A3-F64A5543F5B6",
          "relative_day": "In 3 days"
        },
        {
          "title": "🧺 mom wash clothes",
          "dueISO": "2025-11-18T10:30:00",
          "due_date": "2025-11-18",
          "time": "10:30",
          "day_name": "Tuesday",
          "days_from_now": 3,
          "list": "Mom",
          "flagged": false,
          "priority": 0,
          "id": "F1F3313E-686D-446D-914F-1A751DBC872E",
          "relative_day": "In 3 days"
        },
        {
          "title": "🧺mom dry clothes",
          "dueISO": "2025-11-18T11:15:00",
          "due_date": "2025-11-18",
          "time": "11:15",
          "day_name": "Tuesday",
          "days_from_now": 3,
          "list": "Mom",
          "flagged": false,
          "priority": 0,
          "id": "7DB1B5A8-8E17-4F99-9717-703F98DE8882",
          "relative_day": "In 3 days"
        },
        {
          "title": "🧺mom fold clothes",
          "dueISO": "2025-11-18T12:00:00",
          "due_date": "2025-11-18",
          "time": "12:00",
          "day_name": "Tuesday",
          "days_from_now": 3,
          "list": "Mom",
          "flagged": false,
          "priority": 0,
          "id": "B5FA839F-5708-407E-84AF-58C1F1BB129B",
          "relative_day": "In 3 days"
        },
        {
          "title": "🃏play cards",
          "dueISO": "2025-11-18T13:30:00",
          "due_date": "2025-11-18",
          "time": "13:30",
          "day_name": "Tuesday",
          "days_from_now": 3,
          "list": "🌊FlowOs",
          "flagged": false,
          "priority": 0,
          "id": "A7AB8D54-8493-4941-A853-ADB9772927AD",
          "relative_day": "In 3 days"
        },
        {
          "title": "🐶 take out dogs",
          "dueISO": "2025-11-18T15:00:00",
          "due_date": "2025-11-18",
          "time": "15:00",
          "day_name": "Tuesday",
          "days_from_now": 3,
          "list": "🌊FlowOs",
          "flagged": false,
          "priority": 0,
          "id": "A7B92EB3-B952-4640-A8A2-70726FFE062F",
          "relative_day": "In 3 days"
        },
        {
          "title": "Call mortgage",
          "dueISO": "2025-11-18T16:00:00",
          "due_date": "2025-11-18",
          "time": "16:00",
          "day_name": "Tuesday",
          "days_from_now": 3,
          "list": "🔋Weekly Focus",
          "flagged": false,
          "priority": 0,
          "id": "463F08AC-6C23-4975-BFE9-A8B4C0B35077",
          "relative_day": "In 3 days"
        },
        {
          "title": "🍉 make juice",
          "dueISO": "2025-11-18T16:30:00",
          "due_date": "2025-11-18",
          "time": "16:30",
          "day_name": "Tuesday",
          "days_from_now": 3,
          "list": "🌊FlowOs",
          "flagged": false,
          "priority": 0,
          "id": "EF10B412-F70F-419F-9393-D928F6CB3CBD",
          "relative_day": "In 3 days"
        },
        {
          "title": "dinner",
          "dueISO": "2025-11-18T18:30:00",
          "due_date": "2025-11-18",
          "time": "18:30",
          "day_name": "Tuesday",
          "days_from_now": 3,
          "list": "🌊FlowOs",
          "flagged": false,
          "priority": 0,
          "id": "8ABAD1F7-E1BF-4D8F-A138-F2F5576D4660",
          "relative_day": "In 3 days"
        },
        {
          "title": "💊 take medicine",
          "dueISO": "2025-11-18T19:15:00",
          "due_date": "2025-11-18",
          "time": "19:15",
          "day_name": "Tuesday",
          "days_from_now": 3,
          "list": "Mom",
          "flagged": false,
          "priority": 0,
          "id": "8B2D64E1-FB62-4CB1-9327-DE137B581160",
          "relative_day": "In 3 days"
        }
      ],
      "item_count": 13,
      "priority_items": 0,
      "flagged_items": 0
    },
    {
      "date": "2025-11-19",
      "day_name": "Wednesday",
      "relative_day": "In 4 days",
      "days_from_now": 4,
      "items": [
        {
          "title": "🧠💬🤖📝 brainstorm with chatgpt",
          "dueISO": "2025-11-19T06:30:00",
          "due_date": "2025-11-19",
          "time": "06:30",
          "day_name": "Wednesday",
          "days_from_now": 4,
          "list": "🌊FlowOs",
          "flagged": false,
          "priority": 0,
          "id": "243A5448-71E0-407E-BBE5-D0E36D677D24",
          "relative_day": "In 4 days"
        },
        {
          "title": "🥤make smoothie",
          "dueISO": "2025-11-19T08:00:00",
          "due_date": "2025-11-19",
          "time": "08:00",
          "day_name": "Wednesday",
          "days_from_now": 4,
          "list": "🌊FlowOs",
          "flagged": false,
          "priority": 0,
          "id": "EC25A399-F1CF-4B92-A04A-3CF9535161EE",
          "relative_day": "In 4 days"
        },
        {
          "title": "🐶 take out dogs",
          "dueISO": "2025-11-19T08:30:00",
          "due_date": "2025-11-19",
          "time": "08:30",
          "day_name": "Wednesday",
          "days_from_now": 4,
          "list": "🌊FlowOs",
          "flagged": false,
          "priority": 0,
          "id": "5F47BBAF-0894-4114-A1A3-5DC7E2FB46AE",
          "relative_day": "In 4 days"
        },
        {
          "title": "cut nails",
          "dueISO": "2025-11-19T09:00:00",
          "due_date": "2025-11-19",
          "time": "09:00",
          "day_name": "Wednesday",
          "days_from_now": 4,
          "list": "🌊FlowOs",
          "flagged": false,
          "priority": 0,
          "id": "E082FCC7-07A9-4A8B-B764-43912E5F8188",
          "relative_day": "In 4 days"
        },
        {
          "title": "make breakfast",
          "dueISO": "2025-11-19T09:45:00",
          "due_date": "2025-11-19",
          "time": "09:45",
          "day_name": "Wednesday",
          "days_from_now": 4,
          "list": "🌊FlowOs",
          "flagged": false,
          "priority": 0,
          "id": "D14B9BFA-8961-4D39-996D-4A8AC29F7FD6",
          "relative_day": "In 4 days"
        },
        {
          "title": "cut front grass",
          "dueISO": "2025-11-19T10:00:00",
          "due_date": "2025-11-19",
          "time": "10:00",
          "day_name": "Wednesday",
          "days_from_now": 4,
          "list": "🌊FlowOs",
          "flagged": false,
          "priority": 0,
          "id": "BA67C1D7-6A4A-491D-B5A1-FF9340C526E9",
          "relative_day": "In 4 days"
        },
        {
          "title": "🩺 hypervice calve",
          "dueISO": "2025-11-19T10:45:00",
          "due_date": "2025-11-19",
          "time": "10:45",
          "day_name": "Wednesday",
          "days_from_now": 4,
          "list": "🌊FlowOs",
          "flagged": false,
          "priority": 0,
          "id": "DB5C8D0D-D703-489B-A4A8-3CF017A4ED95",
          "relative_day": "In 4 days"
        },
        {
          "title": "🙆🏽‍♂️ precor stretch circuit",
          "dueISO": "2025-11-19T10:45:00",
          "due_date": "2025-11-19",
          "time": "10:45",
          "day_name": "Wednesday",
          "days_from_now": 4,
          "list": "🌊FlowOs",
          "flagged": false,
          "priority": 0,
          "id": "D84D3C76-671C-40E7-8738-BEA7CA1B5C7D",
          "relative_day": "In 4 days"
        },
        {
          "title": "🐶take out dogs",
          "dueISO": "2025-11-19T15:30:00",
          "due_date": "2025-11-19",
          "time": "15:30",
          "day_name": "Wednesday",
          "days_from_now": 4,
          "list": "🌊FlowOs",
          "flagged": false,
          "priority": 0,
          "id": "4690CED3-A0E3-4432-893F-0F77DD276C80",
          "relative_day": "In 4 days"
        },
        {
          "title": "cut front grass",
          "dueISO": "2025-11-19T17:00:00",
          "due_date": "2025-11-19",
          "time": "17:00",
          "day_name": "Wednesday",
          "days_from_now": 4,
          "list": "🌊FlowOs",
          "flagged": false,
          "priority": 0,
          "id": "B118AD6D-3104-4317-AB95-4D771ADE094B",
          "relative_day": "In 4 days"
        },
        {
          "title": "🩺 hypervice knee",
          "dueISO": "2025-11-19T18:45:00",
          "due_date": "2025-11-19",
          "time": "18:45",
          "day_name": "Wednesday",
          "days_from_now": 4,
          "list": "🌊FlowOs",
          "flagged": false,
          "priority": 0,
          "id": "A7A5F373-2E5B-4F4E-834F-4B02A397C511",
          "relative_day": "In 4 days"
        },
        {
          "title": "🔋Weekly Focus Review",
          "dueISO": "2025-11-19T19:00:00",
          "due_date": "2025-11-19",
          "time": "19:00",
          "day_name": "Wednesday",
          "days_from_now": 4,
          "list": "🔋Weekly Focus",
          "flagged": false,
          "priority": 0,
          "id": "1254B41F-A53B-45E9-89BE-DFAFBF98B49B",
          "relative_day": "In 4 days"
        },
        {
          "title": "journal reflection",
          "dueISO": "2025-11-19T19:45:00",
          "due_date": "2025-11-19",
          "time": "19:45",
          "day_name": "Wednesday",
          "days_from_now": 4,
          "list": "🌊FlowOs",
          "flagged": false,
          "priority": 0,
          "id": "F38AC120-CB81-4AD5-875F-94A5F5FA2A21",
          "relative_day": "In 4 days"
        },
        {
          "title": "🟢coding (🧬jenquin-frontend)",
          "dueISO": "2025-11-19T21:00:00",
          "due_date": "2025-11-19",
          "time": "21:00",
          "day_name": "Wednesday",
          "days_from_now": 4,
          "list": "🟢Projects",
          "flagged": false,
          "priority": 0,
          "id": "B4EBC67D-F8C5-4D8D-B41F-F1F7BAA1E8D2",
          "relative_day": "In 4 days"
        },
        {
          "title": "🐶 take out dogs",
          "dueISO": "2025-11-19T22:15:00",
          "due_date": "2025-11-19",
          "time": "22:15",
          "day_name": "Wednesday",
          "days_from_now": 4,
          "list": "🌊FlowOs",
          "flagged": false,
          "priority": 0,
          "id": "64BA93B6-5222-4A0A-8AC2-64CF7437E1A7",
          "relative_day": "In 4 days"
        },
        {
          "title": "💤",
          "dueISO": "2025-11-19T23:30:00",
          "due_date": "2025-11-19",
          "time": "23:30",
          "day_name": "Wednesday",
          "days_from_now": 4,
          "list": "🌊FlowOs",
          "flagged": false,
          "priority": 0,
          "id": "E0A31A68-3256-44FD-9C39-219EE072F448",
          "relative_day": "In 4 days"
        }
      ],
      "item_count": 16,
      "priority_items": 0,
      "flagged_items": 0
    },
    {
      "date": "2025-11-20",
      "day_name": "Thursday",
      "relative_day": "In 5 days",
      "days_from_now": 5,
      "items": [
        {
          "title": "massage chair",
          "dueISO": "2025-11-20T08:00:00",
          "due_date": "2025-11-20",
          "time": "08:00",
          "day_name": "Thursday",
          "days_from_now": 5,
          "list": "🌊FlowOs",
          "flagged": false,
          "priority": 0,
          "id": "70F94158-E136-404D-A7A8-CF323AE3DDE1",
          "relative_day": "In 5 days"
        },
        {
          "title": "🐶 take out dogs",
          "dueISO": "2025-11-20T09:00:00",
          "due_date": "2025-11-20",
          "time": "09:00",
          "day_name": "Thursday",
          "days_from_now": 5,
          "list": "🌊FlowOs",
          "flagged": false,
          "priority": 0,
          "id": "1B452F02-EAA4-4805-A730-B41DC35932D4",
          "relative_day": "In 5 days"
        },
        {
          "title": "🥤make smoothie",
          "dueISO": "2025-11-20T10:30:00",
          "due_date": "2025-11-20",
          "time": "10:30",
          "day_name": "Thursday",
          "days_from_now": 5,
          "list": "🌊FlowOs",
          "flagged": false,
          "priority": 0,
          "id": "44AD786F-B7CD-43C7-9EEB-80D7143C8CD8",
          "relative_day": "In 5 days"
        },
        {
          "title": "☑️review overdue reminders(calendar zones)",
          "dueISO": "2025-11-20T12:30:00",
          "due_date": "2025-11-20",
          "time": "12:30",
          "day_name": "Thursday",
          "days_from_now": 5,
          "list": "🌊FlowOs",
          "flagged": false,
          "priority": 0,
          "id": "224491C4-B75A-4FEF-AF0C-9E6C0CC83C82",
          "relative_day": "In 5 days"
        },
        {
          "title": "🛒grocery shop",
          "dueISO": "2025-11-20T14:00:00",
          "due_date": "2025-11-20",
          "time": "14:00",
          "day_name": "Thursday",
          "days_from_now": 5,
          "list": "🌊FlowOs",
          "flagged": false,
          "priority": 0,
          "id": "F67DD7ED-1100-447C-8711-0FFAF7E37E27",
          "relative_day": "In 5 days"
        },
        {
          "title": "🐶 take out dogs",
          "dueISO": "2025-11-20T15:00:00",
          "due_date": "2025-11-20",
          "time": "15:00",
          "day_name": "Thursday",
          "days_from_now": 5,
          "list": "🌊FlowOs",
          "flagged": false,
          "priority": 0,
          "id": "4620C9A2-FA36-4176-AF12-23DB0DC7A241",
          "relative_day": "In 5 days"
        },
        {
          "title": "🧘🏽‍♂️ yoga/breathwork",
          "dueISO": "2025-11-20T16:00:00",
          "due_date": "2025-11-20",
          "time": "16:00",
          "day_name": "Thursday",
          "days_from_now": 5,
          "list": "🌊FlowOs",
          "flagged": false,
          "priority": 0,
          "id": "AD1FFA74-E03D-41B1-973A-4FE1FA510211",
          "relative_day": "In 5 days"
        },
        {
          "title": "cook",
          "dueISO": "2025-11-20T18:00:00",
          "due_date": "2025-11-20",
          "time": "18:00",
          "day_name": "Thursday",
          "days_from_now": 5,
          "list": "🌊FlowOs",
          "flagged": false,
          "priority": 0,
          "id": "B93D8C9A-A7B5-4EB1-BDA4-B4DDD59B6328",
          "relative_day": "In 5 days"
        },
        {
          "title": "dinner",
          "dueISO": "2025-11-20T18:30:00",
          "due_date": "2025-11-20",
          "time": "18:30",
          "day_name": "Thursday",
          "days_from_now": 5,
          "list": "🌊FlowOs",
          "flagged": false,
          "priority": 0,
          "id": "D181442A-1A22-4775-A5B0-93D5E06DF86F",
          "relative_day": "In 5 days"
        },
        {
          "title": "🧠💬🤖📝 brainstorm with chatgpt",
          "dueISO": "2025-11-20T22:30:00",
          "due_date": "2025-11-20",
          "time": "22:30",
          "day_name": "Thursday",
          "days_from_now": 5,
          "list": "🌊FlowOs",
          "flagged": false,
          "priority": 0,
          "id": "8D7CE0C0-8549-473B-A0EC-CAD073675D6C",
          "relative_day": "In 5 days"
        },
        {
          "title": "youtube/massage chair",
          "dueISO": "2025-11-20T23:45:00",
          "due_date": "2025-11-20",
          "time": "23:45",
          "day_name": "Thursday",
          "days_from_now": 5,
          "list": "🌊FlowOs",
          "flagged": false,
          "priority": 0,
          "id": "EDA167DC-938F-4213-8708-8C9BE705931A",
          "relative_day": "In 5 days"
        },
        {
          "title": "💤 sleep",
          "dueISO": "2025-11-20T23:55:00",
          "due_date": "2025-11-20",
          "time": "23:55",
          "day_name": "Thursday",
          "days_from_now": 5,
          "list": "🌊FlowOs",
          "flagged": false,
          "priority": 0,
          "id": "B856A095-C92D-4A7D-BDDE-A005E676CF1E",
          "relative_day": "In 5 days"
        }
      ],
      "item_count": 12,
      "priority_items": 0,
      "flagged_items": 0
    },
    {
      "date": "2025-11-21",
      "day_name": "Friday",
      "relative_day": "In 6 days",
      "days_from_now": 6,
      "items": [
        {
          "title": "🐶🧹vacuum dog room",
          "dueISO": "2025-11-21T08:00:00",
          "due_date": "2025-11-21",
          "time": "08:00",
          "day_name": "Friday",
          "days_from_now": 6,
          "list": "🌊FlowOs",
          "flagged": false,
          "priority": 0,
          "id": "021A8EA3-E6A7-4793-BCB8-5EADE9284277",
          "relative_day": "In 6 days"
        },
        {
          "title": "🧠💬🤖📝 brainstorm with chatgpt",
          "dueISO": "2025-11-21T08:30:00",
          "due_date": "2025-11-21",
          "time": "08:30",
          "day_name": "Friday",
          "days_from_now": 6,
          "list": "🌊FlowOs",
          "flagged": false,
          "priority": 0,
          "id": "B206B44B-6B87-40D6-ABC8-FBBF5256594B",
          "relative_day": "In 6 days"
        },
        {
          "title": "📝move each note to its relevant folder",
          "dueISO": "2025-11-21T09:00:00",
          "due_date": "2025-11-21",
          "time": "09:00",
          "day_name": "Friday",
          "days_from_now": 6,
          "list": "🌊FlowOs",
          "flagged": false,
          "priority": 0,
          "id": "0629BDA2-B8AF-42EF-BD24-355212865F55",
          "relative_day": "In 6 days"
        },
        {
          "title": "🥤make smoothies",
          "dueISO": "2025-11-21T09:30:00",
          "due_date": "2025-11-21",
          "time": "09:30",
          "day_name": "Friday",
          "days_from_now": 6,
          "list": "🌊FlowOs",
          "flagged": false,
          "priority": 0,
          "id": "0B819211-6B87-4E58-B962-F1C02F1B82B4",
          "relative_day": "In 6 days"
        },
        {
          "title": "🎶🧹🎸 jam out session",
          "dueISO": "2025-11-21T16:00:00",
          "due_date": "2025-11-21",
          "time": "16:00",
          "day_name": "Friday",
          "days_from_now": 6,
          "list": "🌊FlowOs",
          "flagged": false,
          "priority": 0,
          "id": "5FA5B5FA-B222-4556-B1F5-5315380B1905",
          "relative_day": "In 6 days"
        }
      ],
      "item_count": 5,
      "priority_items": 0,
      "flagged_items": 0
    },
    {
      "date": "2025-11-22",
      "day_name": "Saturday",
      "relative_day": "In 7 days",
      "days_from_now": 7,
      "items": [
        {
          "title": "💤 sleep",
          "dueISO": "2025-11-22T00:30:00",
          "due_date": "2025-11-22",
          "time": "00:30",
          "day_name": "Saturday",
          "days_from_now": 7,
          "list": "🌊FlowOs",
          "flagged": false,
          "priority": 0,
          "id": "4A2D76CC-734F-4435-AF44-73B7CC8826AF",
          "relative_day": "In 7 days"
        },
        {
          "title": "🙆🏽‍♂️ precor stretch circuit",
          "dueISO": "2025-11-22T09:30:00",
          "due_date": "2025-11-22",
          "time": "09:30",
          "day_name": "Saturday",
          "days_from_now": 7,
          "list": "🌊FlowOs",
          "flagged": false,
          "priority": 0,
          "id": "0C363AD5-2A24-4C21-8435-0FD79050FEA1",
          "relative_day": "In 7 days"
        },
        {
          "title": "Pay Car Insurance $302.73 this month",
          "dueISO": "2025-11-22T09:30:00",
          "due_date": "2025-11-22",
          "time": "09:30",
          "day_name": "Saturday",
          "days_from_now": 7,
          "list": "🌊FlowOs",
          "flagged": false,
          "priority": 0,
          "id": "C20FC809-8DFF-48F1-9510-D0CBF63940FD",
          "relative_day": "In 7 days"
        },
        {
          "title": "🐶 take out dogs",
          "dueISO": "2025-11-22T09:45:00",
          "due_date": "2025-11-22",
          "time": "09:45",
          "day_name": "Saturday",
          "days_from_now": 7,
          "list": "🌊FlowOs",
          "flagged": false,
          "priority": 0,
          "id": "9D54E143-021D-47BF-8F24-9527EACD6CD1",
          "relative_day": "In 7 days"
        },
        {
          "title": "flag overdue reminders",
          "dueISO": "2025-11-22T12:00:00",
          "due_date": "2025-11-22",
          "time": "12:00",
          "day_name": "Saturday",
          "days_from_now": 7,
          "list": "🌊FlowOs",
          "flagged": false,
          "priority": 0,
          "id": "B338276D-A80C-43B6-B912-D1D70C736899",
          "relative_day": "In 7 days"
        },
        {
          "title": "🥁 mpc session",
          "dueISO": "2025-11-22T14:45:00",
          "due_date": "2025-11-22",
          "time": "14:45",
          "day_name": "Saturday",
          "days_from_now": 7,
          "list": "🥁Hobbies",
          "flagged": false,
          "priority": 0,
          "id": "884B4A64-6990-4037-B68E-AB8D66FF72F1",
          "relative_day": "In 7 days"
        },
        {
          "title": "🃏play cards",
          "dueISO": "2025-11-22T17:30:00",
          "due_date": "2025-11-22",
          "time": "17:30",
          "day_name": "Saturday",
          "days_from_now": 7,
          "list": "Mom",
          "flagged": false,
          "priority": 0,
          "id": "787A9593-D6D0-4D96-B22D-3B07462460B0",
          "relative_day": "In 7 days"
        },
        {
          "title": "🔋update energy focus plan",
          "dueISO": "2025-11-22T18:00:00",
          "due_date": "2025-11-22",
          "time": "18:00",
          "day_name": "Saturday",
          "days_from_now": 7,
          "list": "🌊FlowOs",
          "flagged": false,
          "priority": 0,
          "id": "59703335-E686-45B7-BC39-17CF2738D4AB",
          "relative_day": "In 7 days"
        }
      ],
      "item_count": 8,
      "priority_items": 0,
      "flagged_items": 0
    }
  ],
  "total_days": 8,
  "total_items": 98,
  "summary": {
    "total_items": 98,
    "priority_items": 0,
    "flagged_items": 0,
    "items_by_day": {
      "Today": 7,
      "Tomorrow": 25,
      "In 2 days": 12,
      "In 3 days": 13,
      "In 4 days": 16,
      "In 5 days": 12,
      "In 6 days": 5,
      "In 7 days": 8
    }
  },
  "generated_at": "2025-11-15T17:22:55.287035"
}